app_id,name,category,homepage,upstream_repo,latest_version_upstream,latest_version_flathub,latest_version_arch,latest_version_debian,wayland_score,xlibre_score,confidence,evidence_wayland,evidence_xlibre,toolkit_guess,run_mode_guess,sources_used,notes
swig3-0,swig3.0,interpreters,,,,,,1.2.0-6ubuntu3,4,5,0.61,Terminal app usually compositor-agnostic,Terminal app runs in X11 terminals,CLI,x11,debian,Heuristic scoring based on toolkit + metadata mentions; XLibre treated as X11/Xorg-style compatibility.
libx11-6,libx11-6,libs,,,,,,2:1.8.7-1build1,4,5,0.59,Terminal app usually compositor-agnostic,Terminal app runs in X11 terminals | Metadata references X11/Xorg APIs,CLI,x11,debian,Heuristic scoring based on toolkit + metadata mentions; XLibre treated as X11/Xorg-style compatibility.
libx11-data,libx11-data,x11,,,,,,2:1.8.7-1build1,4,5,0.59,Terminal app usually compositor-agnostic,Terminal app runs in X11 terminals | Metadata references X11/Xorg APIs,CLI,x11,debian,Heuristic scoring based on toolkit + metadata mentions; XLibre treated as X11/Xorg-style compatibility.
libx11-dev,libx11-dev,libdevel,,,,,,2:1.8.7-1build1,4,5,0.59,Terminal app usually compositor-agnostic,Terminal app runs in X11 terminals | Metadata references X11/Xorg APIs,CLI,x11,debian,Heuristic scoring based on toolkit + metadata mentions; XLibre treated as X11/Xorg-style compatibility.
tk8-6,tk8.6,libs,,,,,,8.6.14-1build1,3,5,0.53,,Metadata references X11/Xorg APIs,unknown,x11,debian,Heuristic scoring based on toolkit + metadata mentions; XLibre treated as X11/Xorg-style compatibility.
tk8-6-dev,tk8.6-dev,libdevel,,,,,,8.6.14-1build1,3,5,0.53,,Metadata references X11/Xorg APIs,unknown,x11,debian,Heuristic scoring based on toolkit + metadata mentions; XLibre treated as X11/Xorg-style compatibility.
bind9-dnsutils,bind9-dnsutils,net,,,,,,1:9.18.39-0ubuntu0.24.04.2,4,5,0.51,Terminal app usually compositor-agnostic,Terminal app runs in X11 terminals,CLI,x11,debian,Heuristic scoring based on toolkit + metadata mentions; XLibre treated as X11/Xorg-style compatibility.
default-libmysqlclient-dev,default-libmysqlclient-dev,database,,,,,,1.1.0build1,4,5,0.51,Terminal app usually compositor-agnostic,Terminal app runs in X11 terminals,CLI,x11,debian,Heuristic scoring based on toolkit + metadata mentions; XLibre treated as X11/Xorg-style compatibility.
libcurl3t64-gnutls,libcurl3t64-gnutls,libs,,,,,,8.5.0-2ubuntu10.6,4,5,0.51,Terminal app usually compositor-agnostic,Terminal app runs in X11 terminals,CLI,x11,debian,Heuristic scoring based on toolkit + metadata mentions; XLibre treated as X11/Xorg-style compatibility.
libcurl4t64,libcurl4t64,libs,,,,,,8.5.0-2ubuntu10.6,4,5,0.51,Terminal app usually compositor-agnostic,Terminal app runs in X11 terminals,CLI,x11,debian,Heuristic scoring based on toolkit + metadata mentions; XLibre treated as X11/Xorg-style compatibility.
libdebconfclient0,libdebconfclient0,libs,,,,,,0.271ubuntu3,4,5,0.51,Terminal app usually compositor-agnostic,Terminal app runs in X11 terminals,CLI,x11,debian,Heuristic scoring based on toolkit + metadata mentions; XLibre treated as X11/Xorg-style compatibility.
libmysqlclient-dev,libmysqlclient-dev,libdevel,,,,,,8.0.44-0ubuntu0.24.04.2,4,5,0.51,Terminal app usually compositor-agnostic,Terminal app runs in X11 terminals,CLI,x11,debian,Heuristic scoring based on toolkit + metadata mentions; XLibre treated as X11/Xorg-style compatibility.
libmysqlclient21,libmysqlclient21,libs,,,,,,8.0.44-0ubuntu0.24.04.2,4,5,0.51,Terminal app usually compositor-agnostic,Terminal app runs in X11 terminals,CLI,x11,debian,Heuristic scoring based on toolkit + metadata mentions; XLibre treated as X11/Xorg-style compatibility.
libncurses6,libncurses6,libs,,,,,,6.4+20240113-1ubuntu2,4,5,0.51,Terminal app usually compositor-agnostic,Terminal app runs in X11 terminals,CLI,x11,debian,Heuristic scoring based on toolkit + metadata mentions; XLibre treated as X11/Xorg-style compatibility.
libncursesw6,libncursesw6,libs,,,,,,6.4+20240113-1ubuntu2,4,5,0.51,Terminal app usually compositor-agnostic,Terminal app runs in X11 terminals,CLI,x11,debian,Heuristic scoring based on toolkit + metadata mentions; XLibre treated as X11/Xorg-style compatibility.
libpq5,libpq5,libs,,,,,,16.11-0ubuntu0.24.04.1,4,5,0.51,Terminal app usually compositor-agnostic,Terminal app runs in X11 terminals,CLI,x11,debian,Heuristic scoring based on toolkit + metadata mentions; XLibre treated as X11/Xorg-style compatibility.
libtinfo6,libtinfo6,libs,,,,,,6.4+20240113-1ubuntu2,4,5,0.51,Terminal app usually compositor-agnostic,Terminal app runs in X11 terminals,CLI,x11,debian,Heuristic scoring based on toolkit + metadata mentions; XLibre treated as X11/Xorg-style compatibility.
libxrender-dev,libxrender-dev,libdevel,,,,,,1:0.9.10-1.1build1,4,5,0.51,Terminal app usually compositor-agnostic,Terminal app runs in X11 terminals,CLI,x11,debian,Heuristic scoring based on toolkit + metadata mentions; XLibre treated as X11/Xorg-style compatibility.
libxrender1,libxrender1,libs,,,,,,1:0.9.10-1.1build1,4,5,0.51,Terminal app usually compositor-agnostic,Terminal app runs in X11 terminals,CLI,x11,debian,Heuristic scoring based on toolkit + metadata mentions; XLibre treated as X11/Xorg-style compatibility.
ncurses-base,ncurses-base,misc,,,,,,6.4+20240113-1ubuntu2,4,5,0.51,Terminal app usually compositor-agnostic,Terminal app runs in X11 terminals,CLI,x11,debian,Heuristic scoring based on toolkit + metadata mentions; XLibre treated as X11/Xorg-style compatibility.
ncurses-bin,ncurses-bin,utils,,,,,,6.4+20240113-1ubuntu2,4,5,0.51,Terminal app usually compositor-agnostic,Terminal app runs in X11 terminals,CLI,x11,debian,Heuristic scoring based on toolkit + metadata mentions; XLibre treated as X11/Xorg-style compatibility.
openssh-client,openssh-client,net,,,,,,1:9.6p1-3ubuntu13.14,4,5,0.51,Terminal app usually compositor-agnostic,Terminal app runs in X11 terminals,CLI,x11,debian,Heuristic scoring based on toolkit + metadata mentions; XLibre treated as X11/Xorg-style compatibility.
python3-click,python3-click,python,,,,,,8.1.6-2,4,5,0.51,Terminal app usually compositor-agnostic,Terminal app runs in X11 terminals,CLI,x11,debian,Heuristic scoring based on toolkit + metadata mentions; XLibre treated as X11/Xorg-style compatibility.
python3-colorama,python3-colorama,python,,,,,,0.4.6-4,4,5,0.51,Terminal app usually compositor-agnostic,Terminal app runs in X11 terminals,CLI,x11,debian,Heuristic scoring based on toolkit + metadata mentions; XLibre treated as X11/Xorg-style compatibility.
python3-httplib2,python3-httplib2,python,,,,,,0.20.4-3,4,5,0.51,Terminal app usually compositor-agnostic,Terminal app runs in X11 terminals,CLI,x11,debian,Heuristic scoring based on toolkit + metadata mentions; XLibre treated as X11/Xorg-style compatibility.
python3-launchpadlib,python3-launchpadlib,python,,,,,,1.11.0-6,4,5,0.51,Terminal app usually compositor-agnostic,Terminal app runs in X11 terminals,CLI,x11,debian,Heuristic scoring based on toolkit + metadata mentions; XLibre treated as X11/Xorg-style compatibility.
python3-lazr-restfulclient,python3-lazr.restfulclient,python,,,,,,0.14.6-1,4,5,0.51,Terminal app usually compositor-agnostic,Terminal app runs in X11 terminals,CLI,x11,debian,Heuristic scoring based on toolkit + metadata mentions; XLibre treated as X11/Xorg-style compatibility.
libpango-1-0-0,libpango-1.0-0,libs,,,,,,1.52.1+ds-1build1,3,4,0.45,,,unknown,x11,debian,Heuristic scoring based on toolkit + metadata mentions; XLibre treated as X11/Xorg-style compatibility.
libxslt1-1,libxslt1.1,libs,,,,,,1.1.39-0exp1ubuntu0.24.04.3,3,4,0.45,,,unknown,x11,debian,Heuristic scoring based on toolkit + metadata mentions; XLibre treated as X11/Xorg-style compatibility.
python3-12-minimal,python3.12-minimal,python,,,,,,3.12.3-1ubuntu0.10,3,4,0.45,,,unknown,x11,debian,Heuristic scoring based on toolkit + metadata mentions; XLibre treated as X11/Xorg-style compatibility.
libxau-dev,libxau-dev,libdevel,,,,,,1:1.0.9-1build6,3,5,0.43,,Metadata references X11/Xorg APIs,unknown,x11,debian,Heuristic scoring based on toolkit + metadata mentions; XLibre treated as X11/Xorg-style compatibility.
libxau6,libxau6,libs,,,,,,1:1.0.9-1build6,3,5,0.43,,Metadata references X11/Xorg APIs,unknown,x11,debian,Heuristic scoring based on toolkit + metadata mentions; XLibre treated as X11/Xorg-style compatibility.
libxdmcp-dev,libxdmcp-dev,libdevel,,,,,,1:1.1.3-0ubuntu6,3,5,0.43,,Metadata references X11/Xorg APIs,unknown,x11,debian,Heuristic scoring based on toolkit + metadata mentions; XLibre treated as X11/Xorg-style compatibility.
libxdmcp6,libxdmcp6,libs,,,,,,1:1.1.3-0ubuntu6,3,5,0.43,,Metadata references X11/Xorg APIs,unknown,x11,debian,Heuristic scoring based on toolkit + metadata mentions; XLibre treated as X11/Xorg-style compatibility.
libxext-dev,libxext-dev,libdevel,,,,,,2:1.3.4-1build2,3,5,0.43,,Metadata references X11/Xorg APIs,unknown,x11,debian,Heuristic scoring based on toolkit + metadata mentions; XLibre treated as X11/Xorg-style compatibility.
libxext6,libxext6,libs,,,,,,2:1.3.4-1build2,3,5,0.43,,Metadata references X11/Xorg APIs,unknown,x11,debian,Heuristic scoring based on toolkit + metadata mentions; XLibre treated as X11/Xorg-style compatibility.
libxpm-dev,libxpm-dev,libdevel,,,,,,1:3.5.17-1build2,3,5,0.43,,Metadata references X11/Xorg APIs,unknown,x11,debian,Heuristic scoring based on toolkit + metadata mentions; XLibre treated as X11/Xorg-style compatibility.
libxpm4,libxpm4,libs,,,,,,1:3.5.17-1build2,3,5,0.43,,Metadata references X11/Xorg APIs,unknown,x11,debian,Heuristic scoring based on toolkit + metadata mentions; XLibre treated as X11/Xorg-style compatibility.
libxss-dev,libxss-dev,libdevel,,,,,,1:1.2.3-1build3,3,5,0.43,,Metadata references X11/Xorg APIs,unknown,x11,debian,Heuristic scoring based on toolkit + metadata mentions; XLibre treated as X11/Xorg-style compatibility.
libxss1,libxss1,libs,,,,,,1:1.2.3-1build3,3,5,0.43,,Metadata references X11/Xorg APIs,unknown,x11,debian,Heuristic scoring based on toolkit + metadata mentions; XLibre treated as X11/Xorg-style compatibility.
tk,tk,interpreters,,,,,,8.6.14build1,3,5,0.43,,Metadata references X11/Xorg APIs,unknown,x11,debian,Heuristic scoring based on toolkit + metadata mentions; XLibre treated as X11/Xorg-style compatibility.
tk-dev,tk-dev,libdevel,,,,,,8.6.14build1,3,5,0.43,,Metadata references X11/Xorg APIs,unknown,x11,debian,Heuristic scoring based on toolkit + metadata mentions; XLibre treated as X11/Xorg-style compatibility.
x11-common,x11-common,x11,,,,,,1:7.7+23ubuntu3,3,5,0.43,,Metadata references X11/Xorg APIs,unknown,x11,debian,Heuristic scoring based on toolkit + metadata mentions; XLibre treated as X11/Xorg-style compatibility.
x11proto-dev,x11proto-dev,x11,,,,,,2023.2-1,3,5,0.43,,Metadata references X11/Xorg APIs,unknown,x11,debian,Heuristic scoring based on toolkit + metadata mentions; XLibre treated as X11/Xorg-style compatibility.
xorg-sgml-doctools,xorg-sgml-doctools,x11,,,,,,1:1.11-1.1,3,5,0.43,,Metadata references X11/Xorg APIs,unknown,x11,debian,Heuristic scoring based on toolkit + metadata mentions; XLibre treated as X11/Xorg-style compatibility.
xtrans-dev,xtrans-dev,x11,,,,,,1.4.0-1,3,5,0.43,,Metadata references X11/Xorg APIs,unknown,x11,debian,Heuristic scoring based on toolkit + metadata mentions; XLibre treated as X11/Xorg-style compatibility.
adduser,adduser,admin,,,,,,3.137ubuntu1,3,4,0.35,,,unknown,x11,debian,Heuristic scoring based on toolkit + metadata mentions; XLibre treated as X11/Xorg-style compatibility.
apt,apt,admin,,,,,,2.8.3,3,4,0.35,,,unknown,x11,debian,Heuristic scoring based on toolkit + metadata mentions; XLibre treated as X11/Xorg-style compatibility.
autoconf,autoconf,devel,,,,,,2.71-3,3,4,0.35,,,unknown,x11,debian,Heuristic scoring based on toolkit + metadata mentions; XLibre treated as X11/Xorg-style compatibility.
base-files,base-files,admin,,,,,,13ubuntu10.3,3,4,0.35,,,unknown,x11,debian,Heuristic scoring based on toolkit + metadata mentions; XLibre treated as X11/Xorg-style compatibility.
base-passwd,base-passwd,admin,,,,,,3.6.3build1,3,4,0.35,,,unknown,x11,debian,Heuristic scoring based on toolkit + metadata mentions; XLibre treated as X11/Xorg-style compatibility.
bash,bash,shells,,,,,,5.2.21-2ubuntu4,3,4,0.35,,,unknown,x11,debian,Heuristic scoring based on toolkit + metadata mentions; XLibre treated as X11/Xorg-style compatibility.
bind9-host,bind9-host,net,,,,,,1:9.18.39-0ubuntu0.24.04.2,3,4,0.35,,,unknown,x11,debian,Heuristic scoring based on toolkit + metadata mentions; XLibre treated as X11/Xorg-style compatibility.
bind9-libs,bind9-libs,libs,,,,,,1:9.18.39-0ubuntu0.24.04.2,3,4,0.35,,,unknown,x11,debian,Heuristic scoring based on toolkit + metadata mentions; XLibre treated as X11/Xorg-style compatibility.
binutils,binutils,devel,,,,,,2.42-4ubuntu2.8,3,4,0.35,,,unknown,x11,debian,Heuristic scoring based on toolkit + metadata mentions; XLibre treated as X11/Xorg-style compatibility.
binutils-common,binutils-common,devel,,,,,,2.42-4ubuntu2.8,3,4,0.35,,,unknown,x11,debian,Heuristic scoring based on toolkit + metadata mentions; XLibre treated as X11/Xorg-style compatibility.
binutils-x86-64-linux-gnu,binutils-x86-64-linux-gnu,devel,,,,,,2.42-4ubuntu2.8,3,4,0.35,,,unknown,x11,debian,Heuristic scoring based on toolkit + metadata mentions; XLibre treated as X11/Xorg-style compatibility.
bison,bison,devel,,,,,,2:3.8.2+dfsg-1build2,3,4,0.35,,,unknown,x11,debian,Heuristic scoring based on toolkit + metadata mentions; XLibre treated as X11/Xorg-style compatibility.
brz,brz,vcs,,,,,,3.3.5-6build2,3,4,0.35,,,unknown,x11,debian,Heuristic scoring based on toolkit + metadata mentions; XLibre treated as X11/Xorg-style compatibility.
bsdutils,bsdutils,utils,,,,,,1:2.39.3-9ubuntu6.4,3,4,0.35,,,unknown,x11,debian,Heuristic scoring based on toolkit + metadata mentions; XLibre treated as X11/Xorg-style compatibility.
build-essential,build-essential,devel,,,,,,12.10ubuntu1,3,4,0.35,,,unknown,x11,debian,Heuristic scoring based on toolkit + metadata mentions; XLibre treated as X11/Xorg-style compatibility.
bzip2,bzip2,utils,,,,,,1.0.8-5.1build0.1,3,4,0.35,,,unknown,x11,debian,Heuristic scoring based on toolkit + metadata mentions; XLibre treated as X11/Xorg-style compatibility.
bzr,bzr,oldlibs,,,,,,2.7.0+bzr6622+brz,3,4,0.35,,,unknown,x11,debian,Heuristic scoring based on toolkit + metadata mentions; XLibre treated as X11/Xorg-style compatibility.
ca-certificates,ca-certificates,misc,,,,,,20240203,3,4,0.35,,,unknown,x11,debian,Heuristic scoring based on toolkit + metadata mentions; XLibre treated as X11/Xorg-style compatibility.
ccache,ccache,devel,,,,,,4.9.1-1,3,4,0.35,,,unknown,x11,debian,Heuristic scoring based on toolkit + metadata mentions; XLibre treated as X11/Xorg-style compatibility.
clang-20,clang-20,devel,,,,,,1:20.1.8~++20250804090239+87f0227cb601-1~exp1~20250804210352.139,3,4,0.35,,,unknown,x11,debian,Heuristic scoring based on toolkit + metadata mentions; XLibre treated as X11/Xorg-style compatibility.
clang-tools-20,clang-tools-20,devel,,,,,,1:20.1.8~++20250804090239+87f0227cb601-1~exp1~20250804210352.139,3,4,0.35,,,unknown,x11,debian,Heuristic scoring based on toolkit + metadata mentions; XLibre treated as X11/Xorg-style compatibility.
clangd-20,clangd-20,devel,,,,,,1:20.1.8~++20250804090239+87f0227cb601-1~exp1~20250804210352.139,3,4,0.35,,,unknown,x11,debian,Heuristic scoring based on toolkit + metadata mentions; XLibre treated as X11/Xorg-style compatibility.
cmake,cmake,devel,,,,,,3.28.3-1build7,3,4,0.35,,,unknown,x11,debian,Heuristic scoring based on toolkit + metadata mentions; XLibre treated as X11/Xorg-style compatibility.
cmake-data,cmake-data,devel,,,,,,3.28.3-1build7,3,4,0.35,,,unknown,x11,debian,Heuristic scoring based on toolkit + metadata mentions; XLibre treated as X11/Xorg-style compatibility.
coreutils,coreutils,utils,,,,,,9.4-3ubuntu6.1,3,4,0.35,,,unknown,x11,debian,Heuristic scoring based on toolkit + metadata mentions; XLibre treated as X11/Xorg-style compatibility.
cpp,cpp,interpreters,,,,,,4:13.2.0-7ubuntu1,3,4,0.35,,,unknown,x11,debian,Heuristic scoring based on toolkit + metadata mentions; XLibre treated as X11/Xorg-style compatibility.
cpp-13,cpp-13,interpreters,,,,,,13.3.0-6ubuntu2~24.04,3,4,0.35,,,unknown,x11,debian,Heuristic scoring based on toolkit + metadata mentions; XLibre treated as X11/Xorg-style compatibility.
cpp-13-x86-64-linux-gnu,cpp-13-x86-64-linux-gnu,interpreters,,,,,,13.3.0-6ubuntu2~24.04,3,4,0.35,,,unknown,x11,debian,Heuristic scoring based on toolkit + metadata mentions; XLibre treated as X11/Xorg-style compatibility.
cpp-x86-64-linux-gnu,cpp-x86-64-linux-gnu,interpreters,,,,,,4:13.2.0-7ubuntu1,3,4,0.35,,,unknown,x11,debian,Heuristic scoring based on toolkit + metadata mentions; XLibre treated as X11/Xorg-style compatibility.
curl,curl,web,,,,,,8.5.0-2ubuntu10.6,3,4,0.35,,,unknown,x11,debian,Heuristic scoring based on toolkit + metadata mentions; XLibre treated as X11/Xorg-style compatibility.
dash,dash,shells,,,,,,0.5.12-6ubuntu5,3,4,0.35,,,unknown,x11,debian,Heuristic scoring based on toolkit + metadata mentions; XLibre treated as X11/Xorg-style compatibility.
dbus,dbus,admin,,,,,,1.14.10-4ubuntu4.1,3,4,0.35,,,unknown,x11,debian,Heuristic scoring based on toolkit + metadata mentions; XLibre treated as X11/Xorg-style compatibility.
dbus-bin,dbus-bin,admin,,,,,,1.14.10-4ubuntu4.1,3,4,0.35,,,unknown,x11,debian,Heuristic scoring based on toolkit + metadata mentions; XLibre treated as X11/Xorg-style compatibility.
dbus-daemon,dbus-daemon,admin,,,,,,1.14.10-4ubuntu4.1,3,4,0.35,,,unknown,x11,debian,Heuristic scoring based on toolkit + metadata mentions; XLibre treated as X11/Xorg-style compatibility.
dbus-session-bus-common,dbus-session-bus-common,admin,,,,,,1.14.10-4ubuntu4.1,3,4,0.35,,,unknown,x11,debian,Heuristic scoring based on toolkit + metadata mentions; XLibre treated as X11/Xorg-style compatibility.
dbus-system-bus-common,dbus-system-bus-common,admin,,,,,,1.14.10-4ubuntu4.1,3,4,0.35,,,unknown,x11,debian,Heuristic scoring based on toolkit + metadata mentions; XLibre treated as X11/Xorg-style compatibility.
debconf,debconf,admin,,,,,,1.5.86ubuntu1,3,4,0.35,,,unknown,x11,debian,Heuristic scoring based on toolkit + metadata mentions; XLibre treated as X11/Xorg-style compatibility.
debianutils,debianutils,utils,,,,,,5.17build1,3,4,0.35,,,unknown,x11,debian,Heuristic scoring based on toolkit + metadata mentions; XLibre treated as X11/Xorg-style compatibility.
diffutils,diffutils,utils,,,,,,1:3.10-1build1,3,4,0.35,,,unknown,x11,debian,Heuristic scoring based on toolkit + metadata mentions; XLibre treated as X11/Xorg-style compatibility.
dirmngr,dirmngr,utils,,,,,,2.4.4-2ubuntu17.4,3,4,0.35,,,unknown,x11,debian,Heuristic scoring based on toolkit + metadata mentions; XLibre treated as X11/Xorg-style compatibility.
distro-info-data,distro-info-data,devel,,,,,,0.60ubuntu0.5,3,4,0.35,,,unknown,x11,debian,Heuristic scoring based on toolkit + metadata mentions; XLibre treated as X11/Xorg-style compatibility.
dnsutils,dnsutils,oldlibs,,,,,,1:9.18.39-0ubuntu0.24.04.2,3,4,0.35,,,unknown,x11,debian,Heuristic scoring based on toolkit + metadata mentions; XLibre treated as X11/Xorg-style compatibility.
dpkg,dpkg,admin,,,,,,1.22.6ubuntu6.5,3,4,0.35,,,unknown,x11,debian,Heuristic scoring based on toolkit + metadata mentions; XLibre treated as X11/Xorg-style compatibility.
dpkg-dev,dpkg-dev,utils,,,,,,1.22.6ubuntu6.5,3,4,0.35,,,unknown,x11,debian,Heuristic scoring based on toolkit + metadata mentions; XLibre treated as X11/Xorg-style compatibility.
e2fsprogs,e2fsprogs,admin,,,,,,1.47.0-2.4~exp1ubuntu4.1,3,4,0.35,,,unknown,x11,debian,Heuristic scoring based on toolkit + metadata mentions; XLibre treated as X11/Xorg-style compatibility.
fd-find,fd-find,utils,,,,,,9.0.0-1,3,4,0.35,,,unknown,x11,debian,Heuristic scoring based on toolkit + metadata mentions; XLibre treated as X11/Xorg-style compatibility.
findutils,findutils,utils,,,,,,4.9.0-5build1,3,4,0.35,,,unknown,x11,debian,Heuristic scoring based on toolkit + metadata mentions; XLibre treated as X11/Xorg-style compatibility.
fontconfig,fontconfig,fonts,,,,,,2.15.0-1.1ubuntu2,3,4,0.35,,,unknown,x11,debian,Heuristic scoring based on toolkit + metadata mentions; XLibre treated as X11/Xorg-style compatibility.
fontconfig-config,fontconfig-config,fonts,,,,,,2.15.0-1.1ubuntu2,3,4,0.35,,,unknown,x11,debian,Heuristic scoring based on toolkit + metadata mentions; XLibre treated as X11/Xorg-style compatibility.
fonts-dejavu-core,fonts-dejavu-core,fonts,,,,,,2.37-8,3,4,0.35,,,unknown,x11,debian,Heuristic scoring based on toolkit + metadata mentions; XLibre treated as X11/Xorg-style compatibility.
fonts-dejavu-mono,fonts-dejavu-mono,fonts,,,,,,2.37-8,3,4,0.35,,,unknown,x11,debian,Heuristic scoring based on toolkit + metadata mentions; XLibre treated as X11/Xorg-style compatibility.
g,g++,devel,,,,,,4:13.2.0-7ubuntu1,3,4,0.35,,,unknown,x11,debian,Heuristic scoring based on toolkit + metadata mentions; XLibre treated as X11/Xorg-style compatibility.
g-13,g++-13,devel,,,,,,13.3.0-6ubuntu2~24.04,3,4,0.35,,,unknown,x11,debian,Heuristic scoring based on toolkit + metadata mentions; XLibre treated as X11/Xorg-style compatibility.
g-13-x86-64-linux-gnu,g++-13-x86-64-linux-gnu,devel,,,,,,13.3.0-6ubuntu2~24.04,3,4,0.35,,,unknown,x11,debian,Heuristic scoring based on toolkit + metadata mentions; XLibre treated as X11/Xorg-style compatibility.
g-x86-64-linux-gnu,g++-x86-64-linux-gnu,devel,,,,,,4:13.2.0-7ubuntu1,3,4,0.35,,,unknown,x11,debian,Heuristic scoring based on toolkit + metadata mentions; XLibre treated as X11/Xorg-style compatibility.
gawk,gawk,interpreters,,,,,,1:5.2.1-2build3,3,4,0.35,,,unknown,x11,debian,Heuristic scoring based on toolkit + metadata mentions; XLibre treated as X11/Xorg-style compatibility.
gcc,gcc,devel,,,,,,4:13.2.0-7ubuntu1,3,4,0.35,,,unknown,x11,debian,Heuristic scoring based on toolkit + metadata mentions; XLibre treated as X11/Xorg-style compatibility.
gcc-13,gcc-13,devel,,,,,,13.3.0-6ubuntu2~24.04,3,4,0.35,,,unknown,x11,debian,Heuristic scoring based on toolkit + metadata mentions; XLibre treated as X11/Xorg-style compatibility.
gcc-13-base,gcc-13-base,libs,,,,,,13.3.0-6ubuntu2~24.04,3,4,0.35,,,unknown,x11,debian,Heuristic scoring based on toolkit + metadata mentions; XLibre treated as X11/Xorg-style compatibility.
gcc-13-x86-64-linux-gnu,gcc-13-x86-64-linux-gnu,devel,,,,,,13.3.0-6ubuntu2~24.04,3,4,0.35,,,unknown,x11,debian,Heuristic scoring based on toolkit + metadata mentions; XLibre treated as X11/Xorg-style compatibility.
gcc-14-base,gcc-14-base,libs,,,,,,14.2.0-4ubuntu2~24.04,3,4,0.35,,,unknown,x11,debian,Heuristic scoring based on toolkit + metadata mentions; XLibre treated as X11/Xorg-style compatibility.
gcc-x86-64-linux-gnu,gcc-x86-64-linux-gnu,devel,,,,,,4:13.2.0-7ubuntu1,3,4,0.35,,,unknown,x11,debian,Heuristic scoring based on toolkit + metadata mentions; XLibre treated as X11/Xorg-style compatibility.
gettext,gettext,devel,,,,,,0.21-14ubuntu2,3,4,0.35,,,unknown,x11,debian,Heuristic scoring based on toolkit + metadata mentions; XLibre treated as X11/Xorg-style compatibility.
gettext-base,gettext-base,utils,,,,,,0.21-14ubuntu2,3,4,0.35,,,unknown,x11,debian,Heuristic scoring based on toolkit + metadata mentions; XLibre treated as X11/Xorg-style compatibility.
git,git,vcs,,,,,,1:2.43.0-1ubuntu7.3,3,4,0.35,,,unknown,x11,debian,Heuristic scoring based on toolkit + metadata mentions; XLibre treated as X11/Xorg-style compatibility.
git-lfs,git-lfs,vcs,,,,,,3.4.1-1ubuntu0.3,3,4,0.35,,,unknown,x11,debian,Heuristic scoring based on toolkit + metadata mentions; XLibre treated as X11/Xorg-style compatibility.
git-man,git-man,doc,,,,,,1:2.43.0-1ubuntu7.3,3,4,0.35,,,unknown,x11,debian,Heuristic scoring based on toolkit + metadata mentions; XLibre treated as X11/Xorg-style compatibility.
gnupg,gnupg,utils,,,,,,2.4.4-2ubuntu17.4,3,4,0.35,,,unknown,x11,debian,Heuristic scoring based on toolkit + metadata mentions; XLibre treated as X11/Xorg-style compatibility.
gnupg-utils,gnupg-utils,utils,,,,,,2.4.4-2ubuntu17.4,3,4,0.35,,,unknown,x11,debian,Heuristic scoring based on toolkit + metadata mentions; XLibre treated as X11/Xorg-style compatibility.
gnupg2,gnupg2,oldlibs,,,,,,2.4.4-2ubuntu17.4,3,4,0.35,,,unknown,x11,debian,Heuristic scoring based on toolkit + metadata mentions; XLibre treated as X11/Xorg-style compatibility.
gpg,gpg,utils,,,,,,2.4.4-2ubuntu17.4,3,4,0.35,,,unknown,x11,debian,Heuristic scoring based on toolkit + metadata mentions; XLibre treated as X11/Xorg-style compatibility.
gpg-agent,gpg-agent,utils,,,,,,2.4.4-2ubuntu17.4,3,4,0.35,,,unknown,x11,debian,Heuristic scoring based on toolkit + metadata mentions; XLibre treated as X11/Xorg-style compatibility.
gpgconf,gpgconf,utils,,,,,,2.4.4-2ubuntu17.4,3,4,0.35,,,unknown,x11,debian,Heuristic scoring based on toolkit + metadata mentions; XLibre treated as X11/Xorg-style compatibility.
gpgsm,gpgsm,utils,,,,,,2.4.4-2ubuntu17.4,3,4,0.35,,,unknown,x11,debian,Heuristic scoring based on toolkit + metadata mentions; XLibre treated as X11/Xorg-style compatibility.
gpgv,gpgv,utils,,,,,,2.4.4-2ubuntu17.4,3,4,0.35,,,unknown,x11,debian,Heuristic scoring based on toolkit + metadata mentions; XLibre treated as X11/Xorg-style compatibility.
grep,grep,utils,,,,,,3.11-4build1,3,4,0.35,,,unknown,x11,debian,Heuristic scoring based on toolkit + metadata mentions; XLibre treated as X11/Xorg-style compatibility.
gzip,gzip,utils,,,,,,1.12-1ubuntu3.1,3,4,0.35,,,unknown,x11,debian,Heuristic scoring based on toolkit + metadata mentions; XLibre treated as X11/Xorg-style compatibility.
hostname,hostname,admin,,,,,,3.23+nmu2ubuntu2,3,4,0.35,,,unknown,x11,debian,Heuristic scoring based on toolkit + metadata mentions; XLibre treated as X11/Xorg-style compatibility.
icu-devtools,icu-devtools,libdevel,,,,,,74.2-1ubuntu3.1,3,4,0.35,,,unknown,x11,debian,Heuristic scoring based on toolkit + metadata mentions; XLibre treated as X11/Xorg-style compatibility.
init-system-helpers,init-system-helpers,admin,,,,,,1.66ubuntu1,3,4,0.35,,,unknown,x11,debian,Heuristic scoring based on toolkit + metadata mentions; XLibre treated as X11/Xorg-style compatibility.
inotify-tools,inotify-tools,misc,,,,,,3.22.6.0-4,3,4,0.35,,,unknown,x11,debian,Heuristic scoring based on toolkit + metadata mentions; XLibre treated as X11/Xorg-style compatibility.
iputils-ping,iputils-ping,net,,,,,,3:20240117-1ubuntu0.1,3,4,0.35,,,unknown,x11,debian,Heuristic scoring based on toolkit + metadata mentions; XLibre treated as X11/Xorg-style compatibility.
iso-codes,iso-codes,misc,,,,,,4.16.0-1,3,4,0.35,,,unknown,x11,debian,Heuristic scoring based on toolkit + metadata mentions; XLibre treated as X11/Xorg-style compatibility.
jq,jq,utils,,,,,,1.7.1-3ubuntu0.24.04.1,3,4,0.35,,,unknown,x11,debian,Heuristic scoring based on toolkit + metadata mentions; XLibre treated as X11/Xorg-style compatibility.
keyboxd,keyboxd,utils,,,,,,2.4.4-2ubuntu17.4,3,4,0.35,,,unknown,x11,debian,Heuristic scoring based on toolkit + metadata mentions; XLibre treated as X11/Xorg-style compatibility.
lib32gcc-s1,lib32gcc-s1,libs,,,,,,14.2.0-4ubuntu2~24.04,3,4,0.35,,,unknown,x11,debian,Heuristic scoring based on toolkit + metadata mentions; XLibre treated as X11/Xorg-style compatibility.
lib32stdc-6,lib32stdc++6,libs,,,,,,14.2.0-4ubuntu2~24.04,3,4,0.35,,,unknown,x11,debian,Heuristic scoring based on toolkit + metadata mentions; XLibre treated as X11/Xorg-style compatibility.
libabsl20220623t64,libabsl20220623t64,libs,,,,,,20220623.1-3.1ubuntu3.2,3,4,0.35,,,unknown,x11,debian,Heuristic scoring based on toolkit + metadata mentions; XLibre treated as X11/Xorg-style compatibility.
libacl1,libacl1,libs,,,,,,2.3.2-1build1.1,3,4,0.35,,,unknown,x11,debian,Heuristic scoring based on toolkit + metadata mentions; XLibre treated as X11/Xorg-style compatibility.
libaom-dev,libaom-dev,libdevel,,,,,,3.8.2-2ubuntu0.1,3,4,0.35,,,unknown,x11,debian,Heuristic scoring based on toolkit + metadata mentions; XLibre treated as X11/Xorg-style compatibility.
libaom3,libaom3,libs,,,,,,3.8.2-2ubuntu0.1,3,4,0.35,,,unknown,x11,debian,Heuristic scoring based on toolkit + metadata mentions; XLibre treated as X11/Xorg-style compatibility.
libapparmor1,libapparmor1,libs,,,,,,4.0.1really4.0.1-0ubuntu0.24.04.5,3,4,0.35,,,unknown,x11,debian,Heuristic scoring based on toolkit + metadata mentions; XLibre treated as X11/Xorg-style compatibility.
libappstream5,libappstream5,libs,,,,,,1.0.2-1build6,3,4,0.35,,,unknown,x11,debian,Heuristic scoring based on toolkit + metadata mentions; XLibre treated as X11/Xorg-style compatibility.
libapt-pkg6-0t64,libapt-pkg6.0t64,libs,,,,,,2.8.3,3,4,0.35,,,unknown,x11,debian,Heuristic scoring based on toolkit + metadata mentions; XLibre treated as X11/Xorg-style compatibility.
libarchive13t64,libarchive13t64,libs,,,,,,3.7.2-2ubuntu0.5,3,4,0.35,,,unknown,x11,debian,Heuristic scoring based on toolkit + metadata mentions; XLibre treated as X11/Xorg-style compatibility.
libargon2-1,libargon2-1,libs,,,,,,0~20190702+dfsg-4build1,3,4,0.35,,,unknown,x11,debian,Heuristic scoring based on toolkit + metadata mentions; XLibre treated as X11/Xorg-style compatibility.
libasan8,libasan8,libs,,,,,,14.2.0-4ubuntu2~24.04,3,4,0.35,,,unknown,x11,debian,Heuristic scoring based on toolkit + metadata mentions; XLibre treated as X11/Xorg-style compatibility.
libassuan0,libassuan0,libs,,,,,,2.5.6-1build1,3,4,0.35,,,unknown,x11,debian,Heuristic scoring based on toolkit + metadata mentions; XLibre treated as X11/Xorg-style compatibility.
libatomic1,libatomic1,libs,,,,,,14.2.0-4ubuntu2~24.04,3,4,0.35,,,unknown,x11,debian,Heuristic scoring based on toolkit + metadata mentions; XLibre treated as X11/Xorg-style compatibility.
libattr1,libattr1,libs,,,,,,1:2.5.2-1build1.1,3,4,0.35,,,unknown,x11,debian,Heuristic scoring based on toolkit + metadata mentions; XLibre treated as X11/Xorg-style compatibility.
libaudit-common,libaudit-common,libs,,,,,,1:3.1.2-2.1build1.1,3,4,0.35,,,unknown,x11,debian,Heuristic scoring based on toolkit + metadata mentions; XLibre treated as X11/Xorg-style compatibility.
libaudit1,libaudit1,libs,,,,,,1:3.1.2-2.1build1.1,3,4,0.35,,,unknown,x11,debian,Heuristic scoring based on toolkit + metadata mentions; XLibre treated as X11/Xorg-style compatibility.
libbinutils,libbinutils,devel,,,,,,2.42-4ubuntu2.8,3,4,0.35,,,unknown,x11,debian,Heuristic scoring based on toolkit + metadata mentions; XLibre treated as X11/Xorg-style compatibility.
libblkid1,libblkid1,libs,,,,,,2.39.3-9ubuntu6.4,3,4,0.35,,,unknown,x11,debian,Heuristic scoring based on toolkit + metadata mentions; XLibre treated as X11/Xorg-style compatibility.
libbrotli-dev,libbrotli-dev,libdevel,,,,,,1.1.0-2build2,3,4,0.35,,,unknown,x11,debian,Heuristic scoring based on toolkit + metadata mentions; XLibre treated as X11/Xorg-style compatibility.
libbrotli1,libbrotli1,libs,,,,,,1.1.0-2build2,3,4,0.35,,,unknown,x11,debian,Heuristic scoring based on toolkit + metadata mentions; XLibre treated as X11/Xorg-style compatibility.
libbsd-dev,libbsd-dev,libdevel,,,,,,0.12.1-1build1.1,3,4,0.35,,,unknown,x11,debian,Heuristic scoring based on toolkit + metadata mentions; XLibre treated as X11/Xorg-style compatibility.
libbsd0,libbsd0,libs,,,,,,0.12.1-1build1.1,3,4,0.35,,,unknown,x11,debian,Heuristic scoring based on toolkit + metadata mentions; XLibre treated as X11/Xorg-style compatibility.
libbz2-dev,libbz2-dev,libdevel,,,,,,1.0.8-5.1build0.1,3,4,0.35,,,unknown,x11,debian,Heuristic scoring based on toolkit + metadata mentions; XLibre treated as X11/Xorg-style compatibility.
libc-bin,libc-bin,libs,,,,,,2.39-0ubuntu8.6,3,4,0.35,,,unknown,x11,debian,Heuristic scoring based on toolkit + metadata mentions; XLibre treated as X11/Xorg-style compatibility.
libc-dev-bin,libc-dev-bin,libdevel,,,,,,2.39-0ubuntu8.6,3,4,0.35,,,unknown,x11,debian,Heuristic scoring based on toolkit + metadata mentions; XLibre treated as X11/Xorg-style compatibility.
libc6,libc6,libs,,,,,,2.39-0ubuntu8.6,3,4,0.35,,,unknown,x11,debian,Heuristic scoring based on toolkit + metadata mentions; XLibre treated as X11/Xorg-style compatibility.
libc6-dev,libc6-dev,libdevel,,,,,,2.39-0ubuntu8.6,3,4,0.35,,,unknown,x11,debian,Heuristic scoring based on toolkit + metadata mentions; XLibre treated as X11/Xorg-style compatibility.
libc6-i386,libc6-i386,libs,,,,,,2.39-0ubuntu8.6,3,4,0.35,,,unknown,x11,debian,Heuristic scoring based on toolkit + metadata mentions; XLibre treated as X11/Xorg-style compatibility.
libcairo2,libcairo2,libs,,,,,,1.18.0-3build1,3,4,0.35,,,unknown,x11,debian,Heuristic scoring based on toolkit + metadata mentions; XLibre treated as X11/Xorg-style compatibility.
libcap-ng0,libcap-ng0,libs,,,,,,0.8.4-2build2,3,4,0.35,,,unknown,x11,debian,Heuristic scoring based on toolkit + metadata mentions; XLibre treated as X11/Xorg-style compatibility.
libcap2,libcap2,libs,,,,,,1:2.66-5ubuntu2.2,3,4,0.35,,,unknown,x11,debian,Heuristic scoring based on toolkit + metadata mentions; XLibre treated as X11/Xorg-style compatibility.
libcap2-bin,libcap2-bin,utils,,,,,,1:2.66-5ubuntu2.2,3,4,0.35,,,unknown,x11,debian,Heuristic scoring based on toolkit + metadata mentions; XLibre treated as X11/Xorg-style compatibility.
libcares2,libcares2,libs,,,,,,1.27.0-1.0ubuntu1,3,4,0.35,,,unknown,x11,debian,Heuristic scoring based on toolkit + metadata mentions; XLibre treated as X11/Xorg-style compatibility.
libcbor0-10,libcbor0.10,libs,,,,,,0.10.2-1.2ubuntu2,3,4,0.35,,,unknown,x11,debian,Heuristic scoring based on toolkit + metadata mentions; XLibre treated as X11/Xorg-style compatibility.
libcc1-0,libcc1-0,libs,,,,,,14.2.0-4ubuntu2~24.04,3,4,0.35,,,unknown,x11,debian,Heuristic scoring based on toolkit + metadata mentions; XLibre treated as X11/Xorg-style compatibility.
libclang-common-20-dev,libclang-common-20-dev,libdevel,,,,,,1:20.1.8~++20250804090239+87f0227cb601-1~exp1~20250804210352.139,3,4,0.35,,,unknown,x11,debian,Heuristic scoring based on toolkit + metadata mentions; XLibre treated as X11/Xorg-style compatibility.
libclang-cpp20,libclang-cpp20,libs,,,,,,1:20.1.8~++20250804090239+87f0227cb601-1~exp1~20250804210352.139,3,4,0.35,,,unknown,x11,debian,Heuristic scoring based on toolkit + metadata mentions; XLibre treated as X11/Xorg-style compatibility.
libclang-rt-20-dev,libclang-rt-20-dev,libdevel,,,,,,1:20.1.8~++20250804090239+87f0227cb601-1~exp1~20250804210352.139,3,4,0.35,,,unknown,x11,debian,Heuristic scoring based on toolkit + metadata mentions; XLibre treated as X11/Xorg-style compatibility.
libclang1-20,libclang1-20,libs,,,,,,1:20.1.8~++20250804090239+87f0227cb601-1~exp1~20250804210352.139,3,4,0.35,,,unknown,x11,debian,Heuristic scoring based on toolkit + metadata mentions; XLibre treated as X11/Xorg-style compatibility.
libcom-err2,libcom-err2,libs,,,,,,1.47.0-2.4~exp1ubuntu4.1,3,4,0.35,,,unknown,x11,debian,Heuristic scoring based on toolkit + metadata mentions; XLibre treated as X11/Xorg-style compatibility.
libcrypt-dev,libcrypt-dev,libdevel,,,,,,1:4.4.36-4build1,3,4,0.35,,,unknown,x11,debian,Heuristic scoring based on toolkit + metadata mentions; XLibre treated as X11/Xorg-style compatibility.
libcrypt1,libcrypt1,libs,,,,,,1:4.4.36-4build1,3,4,0.35,,,unknown,x11,debian,Heuristic scoring based on toolkit + metadata mentions; XLibre treated as X11/Xorg-style compatibility.
libcryptsetup12,libcryptsetup12,libs,,,,,,2:2.7.0-1ubuntu4.2,3,4,0.35,,,unknown,x11,debian,Heuristic scoring based on toolkit + metadata mentions; XLibre treated as X11/Xorg-style compatibility.
libctf-nobfd0,libctf-nobfd0,devel,,,,,,2.42-4ubuntu2.8,3,4,0.35,,,unknown,x11,debian,Heuristic scoring based on toolkit + metadata mentions; XLibre treated as X11/Xorg-style compatibility.
libctf0,libctf0,devel,,,,,,2.42-4ubuntu2.8,3,4,0.35,,,unknown,x11,debian,Heuristic scoring based on toolkit + metadata mentions; XLibre treated as X11/Xorg-style compatibility.
libcurl4-openssl-dev,libcurl4-openssl-dev,libdevel,,,,,,8.5.0-2ubuntu10.6,3,4,0.35,,,unknown,x11,debian,Heuristic scoring based on toolkit + metadata mentions; XLibre treated as X11/Xorg-style compatibility.
libdatrie1,libdatrie1,libs,,,,,,0.2.13-3build1,3,4,0.35,,,unknown,x11,debian,Heuristic scoring based on toolkit + metadata mentions; XLibre treated as X11/Xorg-style compatibility.
libdav1d-dev,libdav1d-dev,libdevel,,,,,,1.4.1-1build1,3,4,0.35,,,unknown,x11,debian,Heuristic scoring based on toolkit + metadata mentions; XLibre treated as X11/Xorg-style compatibility.
libdav1d7,libdav1d7,libs,,,,,,1.4.1-1build1,3,4,0.35,,,unknown,x11,debian,Heuristic scoring based on toolkit + metadata mentions; XLibre treated as X11/Xorg-style compatibility.
libdb-dev,libdb-dev,libdevel,,,,,,1:5.3.21ubuntu2,3,4,0.35,,,unknown,x11,debian,Heuristic scoring based on toolkit + metadata mentions; XLibre treated as X11/Xorg-style compatibility.
libdb5-3-dev,libdb5.3-dev,libdevel,,,,,,5.3.28+dfsg2-7,3,4,0.35,,,unknown,x11,debian,Heuristic scoring based on toolkit + metadata mentions; XLibre treated as X11/Xorg-style compatibility.
libdb5-3t64,libdb5.3t64,libs,,,,,,5.3.28+dfsg2-7,3,4,0.35,,,unknown,x11,debian,Heuristic scoring based on toolkit + metadata mentions; XLibre treated as X11/Xorg-style compatibility.
libdbus-1-3,libdbus-1-3,libs,,,,,,1.14.10-4ubuntu4.1,3,4,0.35,,,unknown,x11,debian,Heuristic scoring based on toolkit + metadata mentions; XLibre treated as X11/Xorg-style compatibility.
libde265-0,libde265-0,libs,,,,,,1.0.15-1build3,3,4,0.35,,,unknown,x11,debian,Heuristic scoring based on toolkit + metadata mentions; XLibre treated as X11/Xorg-style compatibility.
libde265-dev,libde265-dev,libdevel,,,,,,1.0.15-1build3,3,4,0.35,,,unknown,x11,debian,Heuristic scoring based on toolkit + metadata mentions; XLibre treated as X11/Xorg-style compatibility.
libdeflate-dev,libdeflate-dev,libdevel,,,,,,1.19-1build1.1,3,4,0.35,,,unknown,x11,debian,Heuristic scoring based on toolkit + metadata mentions; XLibre treated as X11/Xorg-style compatibility.
libdeflate0,libdeflate0,libs,,,,,,1.19-1build1.1,3,4,0.35,,,unknown,x11,debian,Heuristic scoring based on toolkit + metadata mentions; XLibre treated as X11/Xorg-style compatibility.
libdpkg-perl,libdpkg-perl,perl,,,,,,1.22.6ubuntu6.5,3,4,0.35,,,unknown,x11,debian,Heuristic scoring based on toolkit + metadata mentions; XLibre treated as X11/Xorg-style compatibility.
libduktape207,libduktape207,libs,,,,,,2.7.0+tests-0ubuntu3,3,4,0.35,,,unknown,x11,debian,Heuristic scoring based on toolkit + metadata mentions; XLibre treated as X11/Xorg-style compatibility.
libdw1t64,libdw1t64,libs,,,,,,0.190-1.1ubuntu0.1,3,4,0.35,,,unknown,x11,debian,Heuristic scoring based on toolkit + metadata mentions; XLibre treated as X11/Xorg-style compatibility.
libedit-dev,libedit-dev,libdevel,,,,,,3.1-20230828-1build1,3,4,0.35,,,unknown,x11,debian,Heuristic scoring based on toolkit + metadata mentions; XLibre treated as X11/Xorg-style compatibility.
libedit2,libedit2,libs,,,,,,3.1-20230828-1build1,3,4,0.35,,,unknown,x11,debian,Heuristic scoring based on toolkit + metadata mentions; XLibre treated as X11/Xorg-style compatibility.
libelf1t64,libelf1t64,libs,,,,,,0.190-1.1ubuntu0.1,3,4,0.35,,,unknown,x11,debian,Heuristic scoring based on toolkit + metadata mentions; XLibre treated as X11/Xorg-style compatibility.
liberror-perl,liberror-perl,perl,,,,,,0.17029-2,3,4,0.35,,,unknown,x11,debian,Heuristic scoring based on toolkit + metadata mentions; XLibre treated as X11/Xorg-style compatibility.
libexif12,libexif12,libs,,,,,,0.6.24-1build2,3,4,0.35,,,unknown,x11,debian,Heuristic scoring based on toolkit + metadata mentions; XLibre treated as X11/Xorg-style compatibility.
libexpat1,libexpat1,libs,,,,,,2.6.1-2ubuntu0.3,3,4,0.35,,,unknown,x11,debian,Heuristic scoring based on toolkit + metadata mentions; XLibre treated as X11/Xorg-style compatibility.
libexpat1-dev,libexpat1-dev,libdevel,,,,,,2.6.1-2ubuntu0.3,3,4,0.35,,,unknown,x11,debian,Heuristic scoring based on toolkit + metadata mentions; XLibre treated as X11/Xorg-style compatibility.
libext2fs2t64,libext2fs2t64,libs,,,,,,1.47.0-2.4~exp1ubuntu4.1,3,4,0.35,,,unknown,x11,debian,Heuristic scoring based on toolkit + metadata mentions; XLibre treated as X11/Xorg-style compatibility.
libfdisk1,libfdisk1,libs,,,,,,2.39.3-9ubuntu6.4,3,4,0.35,,,unknown,x11,debian,Heuristic scoring based on toolkit + metadata mentions; XLibre treated as X11/Xorg-style compatibility.
libffi-dev,libffi-dev,libdevel,,,,,,3.4.6-1build1,3,4,0.35,,,unknown,x11,debian,Heuristic scoring based on toolkit + metadata mentions; XLibre treated as X11/Xorg-style compatibility.
libffi8,libffi8,libs,,,,,,3.4.6-1build1,3,4,0.35,,,unknown,x11,debian,Heuristic scoring based on toolkit + metadata mentions; XLibre treated as X11/Xorg-style compatibility.
libfido2-1,libfido2-1,libs,,,,,,1.14.0-1build3,3,4,0.35,,,unknown,x11,debian,Heuristic scoring based on toolkit + metadata mentions; XLibre treated as X11/Xorg-style compatibility.
libfontconfig-dev,libfontconfig-dev,libdevel,,,,,,2.15.0-1.1ubuntu2,3,4,0.35,,,unknown,x11,debian,Heuristic scoring based on toolkit + metadata mentions; XLibre treated as X11/Xorg-style compatibility.
libfontconfig1,libfontconfig1,libs,,,,,,2.15.0-1.1ubuntu2,3,4,0.35,,,unknown,x11,debian,Heuristic scoring based on toolkit + metadata mentions; XLibre treated as X11/Xorg-style compatibility.
libfontconfig1-dev,libfontconfig1-dev,oldlibs,,,,,,2.15.0-1.1ubuntu2,3,4,0.35,,,unknown,x11,debian,Heuristic scoring based on toolkit + metadata mentions; XLibre treated as X11/Xorg-style compatibility.
libfreetype-dev,libfreetype-dev,libdevel,,,,,,2.13.2+dfsg-1build3,3,4,0.35,,,unknown,x11,debian,Heuristic scoring based on toolkit + metadata mentions; XLibre treated as X11/Xorg-style compatibility.
libfreetype6,libfreetype6,libs,,,,,,2.13.2+dfsg-1build3,3,4,0.35,,,unknown,x11,debian,Heuristic scoring based on toolkit + metadata mentions; XLibre treated as X11/Xorg-style compatibility.
libfribidi0,libfribidi0,libs,,,,,,1.0.13-3build1,3,4,0.35,,,unknown,x11,debian,Heuristic scoring based on toolkit + metadata mentions; XLibre treated as X11/Xorg-style compatibility.
libgc1,libgc1,libs,,,,,,1:8.2.6-1build1,3,4,0.35,,,unknown,x11,debian,Heuristic scoring based on toolkit + metadata mentions; XLibre treated as X11/Xorg-style compatibility.
libgcc-13-dev,libgcc-13-dev,libdevel,,,,,,13.3.0-6ubuntu2~24.04,3,4,0.35,,,unknown,x11,debian,Heuristic scoring based on toolkit + metadata mentions; XLibre treated as X11/Xorg-style compatibility.
libgcc-s1,libgcc-s1,libs,,,,,,14.2.0-4ubuntu2~24.04,3,4,0.35,,,unknown,x11,debian,Heuristic scoring based on toolkit + metadata mentions; XLibre treated as X11/Xorg-style compatibility.
libgcrypt20,libgcrypt20,libs,,,,,,1.10.3-2build1,3,4,0.35,,,unknown,x11,debian,Heuristic scoring based on toolkit + metadata mentions; XLibre treated as X11/Xorg-style compatibility.
libgd-dev,libgd-dev,libdevel,,,,,,2.3.3-9ubuntu5,3,4,0.35,,,unknown,x11,debian,Heuristic scoring based on toolkit + metadata mentions; XLibre treated as X11/Xorg-style compatibility.
libgd3,libgd3,libs,,,,,,2.3.3-9ubuntu5,3,4,0.35,,,unknown,x11,debian,Heuristic scoring based on toolkit + metadata mentions; XLibre treated as X11/Xorg-style compatibility.
libgdbm-compat-dev,libgdbm-compat-dev,libdevel,,,,,,1.23-5.1build1,3,4,0.35,,,unknown,x11,debian,Heuristic scoring based on toolkit + metadata mentions; XLibre treated as X11/Xorg-style compatibility.
libgdbm-compat4t64,libgdbm-compat4t64,libs,,,,,,1.23-5.1build1,3,4,0.35,,,unknown,x11,debian,Heuristic scoring based on toolkit + metadata mentions; XLibre treated as X11/Xorg-style compatibility.
libgdbm-dev,libgdbm-dev,libdevel,,,,,,1.23-5.1build1,3,4,0.35,,,unknown,x11,debian,Heuristic scoring based on toolkit + metadata mentions; XLibre treated as X11/Xorg-style compatibility.
libgdbm6t64,libgdbm6t64,libs,,,,,,1.23-5.1build1,3,4,0.35,,,unknown,x11,debian,Heuristic scoring based on toolkit + metadata mentions; XLibre treated as X11/Xorg-style compatibility.
libgdiplus,libgdiplus,libs,,,,,,6.1+dfsg-1build3,3,4,0.35,,,unknown,x11,debian,Heuristic scoring based on toolkit + metadata mentions; XLibre treated as X11/Xorg-style compatibility.
libgif7,libgif7,libs,,,,,,5.2.2-1ubuntu1,3,4,0.35,,,unknown,x11,debian,Heuristic scoring based on toolkit + metadata mentions; XLibre treated as X11/Xorg-style compatibility.
libgirepository-1-0-1,libgirepository-1.0-1,libs,,,,,,1.80.1-1,3,4,0.35,,,unknown,x11,debian,Heuristic scoring based on toolkit + metadata mentions; XLibre treated as X11/Xorg-style compatibility.
libglib2-0-0t64,libglib2.0-0t64,libs,,,,,,2.80.0-6ubuntu3.6,3,4,0.35,,,unknown,x11,debian,Heuristic scoring based on toolkit + metadata mentions; XLibre treated as X11/Xorg-style compatibility.
libglib2-0-bin,libglib2.0-bin,misc,,,,,,2.80.0-6ubuntu3.6,3,4,0.35,,,unknown,x11,debian,Heuristic scoring based on toolkit + metadata mentions; XLibre treated as X11/Xorg-style compatibility.
libglib2-0-data,libglib2.0-data,libs,,,,,,2.80.0-6ubuntu3.6,3,4,0.35,,,unknown,x11,debian,Heuristic scoring based on toolkit + metadata mentions; XLibre treated as X11/Xorg-style compatibility.
libgmp-dev,libgmp-dev,libdevel,,,,,,2:6.3.0+dfsg-2ubuntu6.1,3,4,0.35,,,unknown,x11,debian,Heuristic scoring based on toolkit + metadata mentions; XLibre treated as X11/Xorg-style compatibility.
libgmp10,libgmp10,libs,,,,,,2:6.3.0+dfsg-2ubuntu6.1,3,4,0.35,,,unknown,x11,debian,Heuristic scoring based on toolkit + metadata mentions; XLibre treated as X11/Xorg-style compatibility.
libgmpxx4ldbl,libgmpxx4ldbl,libs,,,,,,2:6.3.0+dfsg-2ubuntu6.1,3,4,0.35,,,unknown,x11,debian,Heuristic scoring based on toolkit + metadata mentions; XLibre treated as X11/Xorg-style compatibility.
libgnutls30t64,libgnutls30t64,libs,,,,,,3.8.3-1.1ubuntu3.4,3,4,0.35,,,unknown,x11,debian,Heuristic scoring based on toolkit + metadata mentions; XLibre treated as X11/Xorg-style compatibility.
libgomp1,libgomp1,libs,,,,,,14.2.0-4ubuntu2~24.04,3,4,0.35,,,unknown,x11,debian,Heuristic scoring based on toolkit + metadata mentions; XLibre treated as X11/Xorg-style compatibility.
libgpg-error0,libgpg-error0,libs,,,,,,1.47-3build2.1,3,4,0.35,,,unknown,x11,debian,Heuristic scoring based on toolkit + metadata mentions; XLibre treated as X11/Xorg-style compatibility.
libgprofng0,libgprofng0,devel,,,,,,2.42-4ubuntu2.8,3,4,0.35,,,unknown,x11,debian,Heuristic scoring based on toolkit + metadata mentions; XLibre treated as X11/Xorg-style compatibility.
libgraphite2-3,libgraphite2-3,libs,,,,,,1.3.14-2build1,3,4,0.35,,,unknown,x11,debian,Heuristic scoring based on toolkit + metadata mentions; XLibre treated as X11/Xorg-style compatibility.
libgrpc-1-51t64,libgrpc++1.51t64,libs,,,,,,1.51.1-4.1build5,3,4,0.35,,,unknown,x11,debian,Heuristic scoring based on toolkit + metadata mentions; XLibre treated as X11/Xorg-style compatibility.
libgrpc29t64,libgrpc29t64,libs,,,,,,1.51.1-4.1build5,3,4,0.35,,,unknown,x11,debian,Heuristic scoring based on toolkit + metadata mentions; XLibre treated as X11/Xorg-style compatibility.
libgssapi-krb5-2,libgssapi-krb5-2,libs,,,,,,1.20.1-6ubuntu2.6,3,4,0.35,,,unknown,x11,debian,Heuristic scoring based on toolkit + metadata mentions; XLibre treated as X11/Xorg-style compatibility.
libharfbuzz0b,libharfbuzz0b,libs,,,,,,8.3.0-2build2,3,4,0.35,,,unknown,x11,debian,Heuristic scoring based on toolkit + metadata mentions; XLibre treated as X11/Xorg-style compatibility.
libheif-dev,libheif-dev,libdevel,,,,,,1.17.6-1ubuntu4.2,3,4,0.35,,,unknown,x11,debian,Heuristic scoring based on toolkit + metadata mentions; XLibre treated as X11/Xorg-style compatibility.
libheif-plugin-aomdec,libheif-plugin-aomdec,libs,,,,,,1.17.6-1ubuntu4.2,3,4,0.35,,,unknown,x11,debian,Heuristic scoring based on toolkit + metadata mentions; XLibre treated as X11/Xorg-style compatibility.
libheif-plugin-libde265,libheif-plugin-libde265,libs,,,,,,1.17.6-1ubuntu4.2,3,4,0.35,,,unknown,x11,debian,Heuristic scoring based on toolkit + metadata mentions; XLibre treated as X11/Xorg-style compatibility.
libheif1,libheif1,libs,,,,,,1.17.6-1ubuntu4.2,3,4,0.35,,,unknown,x11,debian,Heuristic scoring based on toolkit + metadata mentions; XLibre treated as X11/Xorg-style compatibility.
libhogweed6t64,libhogweed6t64,libs,,,,,,3.9.1-2.2build1.1,3,4,0.35,,,unknown,x11,debian,Heuristic scoring based on toolkit + metadata mentions; XLibre treated as X11/Xorg-style compatibility.
libhwasan0,libhwasan0,libs,,,,,,14.2.0-4ubuntu2~24.04,3,4,0.35,,,unknown,x11,debian,Heuristic scoring based on toolkit + metadata mentions; XLibre treated as X11/Xorg-style compatibility.
libicu-dev,libicu-dev,libdevel,,,,,,74.2-1ubuntu3.1,3,4,0.35,,,unknown,x11,debian,Heuristic scoring based on toolkit + metadata mentions; XLibre treated as X11/Xorg-style compatibility.
libicu74,libicu74,libs,,,,,,74.2-1ubuntu3.1,3,4,0.35,,,unknown,x11,debian,Heuristic scoring based on toolkit + metadata mentions; XLibre treated as X11/Xorg-style compatibility.
libidn2-0,libidn2-0,libs,,,,,,2.3.7-2build1.1,3,4,0.35,,,unknown,x11,debian,Heuristic scoring based on toolkit + metadata mentions; XLibre treated as X11/Xorg-style compatibility.
libinotifytools0,libinotifytools0,libs,,,,,,3.22.6.0-4,3,4,0.35,,,unknown,x11,debian,Heuristic scoring based on toolkit + metadata mentions; XLibre treated as X11/Xorg-style compatibility.
libio-pty-perl,libio-pty-perl,perl,,,,,,1:1.20-1build2,3,4,0.35,,,unknown,x11,debian,Heuristic scoring based on toolkit + metadata mentions; XLibre treated as X11/Xorg-style compatibility.
libipc-run-perl,libipc-run-perl,perl,,,,,,20231003.0-1,3,4,0.35,,,unknown,x11,debian,Heuristic scoring based on toolkit + metadata mentions; XLibre treated as X11/Xorg-style compatibility.
libipt2,libipt2,libs,,,,,,2.0.6-1build1,3,4,0.35,,,unknown,x11,debian,Heuristic scoring based on toolkit + metadata mentions; XLibre treated as X11/Xorg-style compatibility.
libisl23,libisl23,libs,,,,,,0.26-3build1.1,3,4,0.35,,,unknown,x11,debian,Heuristic scoring based on toolkit + metadata mentions; XLibre treated as X11/Xorg-style compatibility.
libitm1,libitm1,libs,,,,,,14.2.0-4ubuntu2~24.04,3,4,0.35,,,unknown,x11,debian,Heuristic scoring based on toolkit + metadata mentions; XLibre treated as X11/Xorg-style compatibility.
libjansson4,libjansson4,libs,,,,,,2.14-2build2,3,4,0.35,,,unknown,x11,debian,Heuristic scoring based on toolkit + metadata mentions; XLibre treated as X11/Xorg-style compatibility.
libjbig-dev,libjbig-dev,libdevel,,,,,,2.1-6.1ubuntu2,3,4,0.35,,,unknown,x11,debian,Heuristic scoring based on toolkit + metadata mentions; XLibre treated as X11/Xorg-style compatibility.
libjbig0,libjbig0,libs,,,,,,2.1-6.1ubuntu2,3,4,0.35,,,unknown,x11,debian,Heuristic scoring based on toolkit + metadata mentions; XLibre treated as X11/Xorg-style compatibility.
libjpeg-dev,libjpeg-dev,libdevel,,,,,,8c-2ubuntu11,3,4,0.35,,,unknown,x11,debian,Heuristic scoring based on toolkit + metadata mentions; XLibre treated as X11/Xorg-style compatibility.
libjpeg-turbo8,libjpeg-turbo8,libs,,,,,,2.1.5-2ubuntu2,3,4,0.35,,,unknown,x11,debian,Heuristic scoring based on toolkit + metadata mentions; XLibre treated as X11/Xorg-style compatibility.
libjpeg-turbo8-dev,libjpeg-turbo8-dev,libdevel,,,,,,2.1.5-2ubuntu2,3,4,0.35,,,unknown,x11,debian,Heuristic scoring based on toolkit + metadata mentions; XLibre treated as X11/Xorg-style compatibility.
libjpeg8,libjpeg8,libs,,,,,,8c-2ubuntu11,3,4,0.35,,,unknown,x11,debian,Heuristic scoring based on toolkit + metadata mentions; XLibre treated as X11/Xorg-style compatibility.
libjpeg8-dev,libjpeg8-dev,libdevel,,,,,,8c-2ubuntu11,3,4,0.35,,,unknown,x11,debian,Heuristic scoring based on toolkit + metadata mentions; XLibre treated as X11/Xorg-style compatibility.
libjq1,libjq1,utils,,,,,,1.7.1-3ubuntu0.24.04.1,3,4,0.35,,,unknown,x11,debian,Heuristic scoring based on toolkit + metadata mentions; XLibre treated as X11/Xorg-style compatibility.
libjson-c5,libjson-c5,libs,,,,,,0.17-1build1,3,4,0.35,,,unknown,x11,debian,Heuristic scoring based on toolkit + metadata mentions; XLibre treated as X11/Xorg-style compatibility.
libjsoncpp25,libjsoncpp25,libs,,,,,,1.9.5-6build1,3,4,0.35,,,unknown,x11,debian,Heuristic scoring based on toolkit + metadata mentions; XLibre treated as X11/Xorg-style compatibility.
libk5crypto3,libk5crypto3,libs,,,,,,1.20.1-6ubuntu2.6,3,4,0.35,,,unknown,x11,debian,Heuristic scoring based on toolkit + metadata mentions; XLibre treated as X11/Xorg-style compatibility.
libkeyutils1,libkeyutils1,libs,,,,,,1.6.3-3build1,3,4,0.35,,,unknown,x11,debian,Heuristic scoring based on toolkit + metadata mentions; XLibre treated as X11/Xorg-style compatibility.
libkmod2,libkmod2,libs,,,,,,31+20240202-2ubuntu7.1,3,4,0.35,,,unknown,x11,debian,Heuristic scoring based on toolkit + metadata mentions; XLibre treated as X11/Xorg-style compatibility.
libkrb5-3,libkrb5-3,libs,,,,,,1.20.1-6ubuntu2.6,3,4,0.35,,,unknown,x11,debian,Heuristic scoring based on toolkit + metadata mentions; XLibre treated as X11/Xorg-style compatibility.
libkrb5support0,libkrb5support0,libs,,,,,,1.20.1-6ubuntu2.6,3,4,0.35,,,unknown,x11,debian,Heuristic scoring based on toolkit + metadata mentions; XLibre treated as X11/Xorg-style compatibility.
libksba8,libksba8,libs,,,,,,1.6.6-1build1,3,4,0.35,,,unknown,x11,debian,Heuristic scoring based on toolkit + metadata mentions; XLibre treated as X11/Xorg-style compatibility.
libldap2,libldap2,libs,,,,,,2.6.7+dfsg-1~exp1ubuntu8.2,3,4,0.35,,,unknown,x11,debian,Heuristic scoring based on toolkit + metadata mentions; XLibre treated as X11/Xorg-style compatibility.
liblerc-dev,liblerc-dev,libdevel,,,,,,4.0.0+ds-4ubuntu2,3,4,0.35,,,unknown,x11,debian,Heuristic scoring based on toolkit + metadata mentions; XLibre treated as X11/Xorg-style compatibility.
liblerc4,liblerc4,libs,,,,,,4.0.0+ds-4ubuntu2,3,4,0.35,,,unknown,x11,debian,Heuristic scoring based on toolkit + metadata mentions; XLibre treated as X11/Xorg-style compatibility.
liblldb-20,liblldb-20,libs,,,,,,1:20.1.8~++20250804090239+87f0227cb601-1~exp1~20250804210352.139,3,4,0.35,,,unknown,x11,debian,Heuristic scoring based on toolkit + metadata mentions; XLibre treated as X11/Xorg-style compatibility.
libllvm20,libllvm20,libs,,,,,,1:20.1.8~++20250804090239+87f0227cb601-1~exp1~20250804210352.139,3,4,0.35,,,unknown,x11,debian,Heuristic scoring based on toolkit + metadata mentions; XLibre treated as X11/Xorg-style compatibility.
liblmdb0,liblmdb0,libs,,,,,,0.9.31-1build1,3,4,0.35,,,unknown,x11,debian,Heuristic scoring based on toolkit + metadata mentions; XLibre treated as X11/Xorg-style compatibility.
liblsan0,liblsan0,libs,,,,,,14.2.0-4ubuntu2~24.04,3,4,0.35,,,unknown,x11,debian,Heuristic scoring based on toolkit + metadata mentions; XLibre treated as X11/Xorg-style compatibility.
libltdl7,libltdl7,libs,,,,,,2.4.7-7build1,3,4,0.35,,,unknown,x11,debian,Heuristic scoring based on toolkit + metadata mentions; XLibre treated as X11/Xorg-style compatibility.
liblz4-1,liblz4-1,libs,,,,,,1.9.4-1build1.1,3,4,0.35,,,unknown,x11,debian,Heuristic scoring based on toolkit + metadata mentions; XLibre treated as X11/Xorg-style compatibility.
liblzma-dev,liblzma-dev,libdevel,,,,,,5.6.1+really5.4.5-1ubuntu0.2,3,4,0.35,,,unknown,x11,debian,Heuristic scoring based on toolkit + metadata mentions; XLibre treated as X11/Xorg-style compatibility.
liblzma5,liblzma5,libs,,,,,,5.6.1+really5.4.5-1ubuntu0.2,3,4,0.35,,,unknown,x11,debian,Heuristic scoring based on toolkit + metadata mentions; XLibre treated as X11/Xorg-style compatibility.
libmaxminddb0,libmaxminddb0,libs,,,,,,1.9.1-1build1,3,4,0.35,,,unknown,x11,debian,Heuristic scoring based on toolkit + metadata mentions; XLibre treated as X11/Xorg-style compatibility.
libmd-dev,libmd-dev,libdevel,,,,,,1.1.0-2build1.1,3,4,0.35,,,unknown,x11,debian,Heuristic scoring based on toolkit + metadata mentions; XLibre treated as X11/Xorg-style compatibility.
libmd0,libmd0,libs,,,,,,1.1.0-2build1.1,3,4,0.35,,,unknown,x11,debian,Heuristic scoring based on toolkit + metadata mentions; XLibre treated as X11/Xorg-style compatibility.
libmount1,libmount1,libs,,,,,,2.39.3-9ubuntu6.4,3,4,0.35,,,unknown,x11,debian,Heuristic scoring based on toolkit + metadata mentions; XLibre treated as X11/Xorg-style compatibility.
libmpc3,libmpc3,libs,,,,,,1.3.1-1build1.1,3,4,0.35,,,unknown,x11,debian,Heuristic scoring based on toolkit + metadata mentions; XLibre treated as X11/Xorg-style compatibility.
libmpfr6,libmpfr6,libs,,,,,,4.2.1-1build1.1,3,4,0.35,,,unknown,x11,debian,Heuristic scoring based on toolkit + metadata mentions; XLibre treated as X11/Xorg-style compatibility.
libncurses-dev,libncurses-dev,libdevel,,,,,,6.4+20240113-1ubuntu2,3,4,0.35,,,unknown,x11,debian,Heuristic scoring based on toolkit + metadata mentions; XLibre treated as X11/Xorg-style compatibility.
libnettle8t64,libnettle8t64,libs,,,,,,3.9.1-2.2build1.1,3,4,0.35,,,unknown,x11,debian,Heuristic scoring based on toolkit + metadata mentions; XLibre treated as X11/Xorg-style compatibility.
libnghttp2-14,libnghttp2-14,libs,,,,,,1.59.0-1ubuntu0.2,3,4,0.35,,,unknown,x11,debian,Heuristic scoring based on toolkit + metadata mentions; XLibre treated as X11/Xorg-style compatibility.
libnpth0t64,libnpth0t64,libs,,,,,,1.6-3.1build1,3,4,0.35,,,unknown,x11,debian,Heuristic scoring based on toolkit + metadata mentions; XLibre treated as X11/Xorg-style compatibility.
libnspr4,libnspr4,libs,,,,,,2:4.35-1.1build1,3,4,0.35,,,unknown,x11,debian,Heuristic scoring based on toolkit + metadata mentions; XLibre treated as X11/Xorg-style compatibility.
libnspr4-dev,libnspr4-dev,libdevel,,,,,,2:4.35-1.1build1,3,4,0.35,,,unknown,x11,debian,Heuristic scoring based on toolkit + metadata mentions; XLibre treated as X11/Xorg-style compatibility.
libnss3,libnss3,libs,,,,,,2:3.98-1build1,3,4,0.35,,,unknown,x11,debian,Heuristic scoring based on toolkit + metadata mentions; XLibre treated as X11/Xorg-style compatibility.
libnss3-dev,libnss3-dev,libdevel,,,,,,2:3.98-1build1,3,4,0.35,,,unknown,x11,debian,Heuristic scoring based on toolkit + metadata mentions; XLibre treated as X11/Xorg-style compatibility.
libnuma1,libnuma1,libs,,,,,,2.0.18-1build1,3,4,0.35,,,unknown,x11,debian,Heuristic scoring based on toolkit + metadata mentions; XLibre treated as X11/Xorg-style compatibility.
libobjc-13-dev,libobjc-13-dev,libdevel,,,,,,13.3.0-6ubuntu2~24.04,3,4,0.35,,,unknown,x11,debian,Heuristic scoring based on toolkit + metadata mentions; XLibre treated as X11/Xorg-style compatibility.
libobjc4,libobjc4,libs,,,,,,14.2.0-4ubuntu2~24.04,3,4,0.35,,,unknown,x11,debian,Heuristic scoring based on toolkit + metadata mentions; XLibre treated as X11/Xorg-style compatibility.
libodbc2,libodbc2,libs,,,,,,2.3.12-1ubuntu0.24.04.1,3,4,0.35,,,unknown,x11,debian,Heuristic scoring based on toolkit + metadata mentions; XLibre treated as X11/Xorg-style compatibility.
libodbccr2,libodbccr2,libs,,,,,,2.3.12-1ubuntu0.24.04.1,3,4,0.35,,,unknown,x11,debian,Heuristic scoring based on toolkit + metadata mentions; XLibre treated as X11/Xorg-style compatibility.
libodbcinst2,libodbcinst2,libs,,,,,,2.3.12-1ubuntu0.24.04.1,3,4,0.35,,,unknown,x11,debian,Heuristic scoring based on toolkit + metadata mentions; XLibre treated as X11/Xorg-style compatibility.
libonig-dev,libonig-dev,libdevel,,,,,,6.9.9-1build1,3,4,0.35,,,unknown,x11,debian,Heuristic scoring based on toolkit + metadata mentions; XLibre treated as X11/Xorg-style compatibility.
libonig5,libonig5,libs,,,,,,6.9.9-1build1,3,4,0.35,,,unknown,x11,debian,Heuristic scoring based on toolkit + metadata mentions; XLibre treated as X11/Xorg-style compatibility.
libp11-kit0,libp11-kit0,libs,,,,,,0.25.3-4ubuntu2.1,3,4,0.35,,,unknown,x11,debian,Heuristic scoring based on toolkit + metadata mentions; XLibre treated as X11/Xorg-style compatibility.
libpackagekit-glib2-18,libpackagekit-glib2-18,libs,,,,,,1.2.8-2ubuntu1.4,3,4,0.35,,,unknown,x11,debian,Heuristic scoring based on toolkit + metadata mentions; XLibre treated as X11/Xorg-style compatibility.
libpam-modules,libpam-modules,admin,,,,,,1.5.3-5ubuntu5.5,3,4,0.35,,,unknown,x11,debian,Heuristic scoring based on toolkit + metadata mentions; XLibre treated as X11/Xorg-style compatibility.
libpam-modules-bin,libpam-modules-bin,admin,,,,,,1.5.3-5ubuntu5.5,3,4,0.35,,,unknown,x11,debian,Heuristic scoring based on toolkit + metadata mentions; XLibre treated as X11/Xorg-style compatibility.
libpam-runtime,libpam-runtime,admin,,,,,,1.5.3-5ubuntu5.5,3,4,0.35,,,unknown,x11,debian,Heuristic scoring based on toolkit + metadata mentions; XLibre treated as X11/Xorg-style compatibility.
libpam-systemd,libpam-systemd,admin,,,,,,255.4-1ubuntu8.12,3,4,0.35,,,unknown,x11,debian,Heuristic scoring based on toolkit + metadata mentions; XLibre treated as X11/Xorg-style compatibility.
libpam0g,libpam0g,libs,,,,,,1.5.3-5ubuntu5.5,3,4,0.35,,,unknown,x11,debian,Heuristic scoring based on toolkit + metadata mentions; XLibre treated as X11/Xorg-style compatibility.
libpcre2-8-0,libpcre2-8-0,libs,,,,,,10.42-4ubuntu2.1,3,4,0.35,,,unknown,x11,debian,Heuristic scoring based on toolkit + metadata mentions; XLibre treated as X11/Xorg-style compatibility.
libpcre3,libpcre3,libs,,,,,,2:8.39-15build1,3,4,0.35,,,unknown,x11,debian,Heuristic scoring based on toolkit + metadata mentions; XLibre treated as X11/Xorg-style compatibility.
libperl5-38t64,libperl5.38t64,libs,,,,,,5.38.2-3.2ubuntu0.2,3,4,0.35,,,unknown,x11,debian,Heuristic scoring based on toolkit + metadata mentions; XLibre treated as X11/Xorg-style compatibility.
libpfm4,libpfm4,libs,,,,,,4.13.0+git32-g0d4ed0e-1,3,4,0.35,,,unknown,x11,debian,Heuristic scoring based on toolkit + metadata mentions; XLibre treated as X11/Xorg-style compatibility.
libpixman-1-0,libpixman-1-0,libs,,,,,,0.42.2-1build1,3,4,0.35,,,unknown,x11,debian,Heuristic scoring based on toolkit + metadata mentions; XLibre treated as X11/Xorg-style compatibility.
libpkgconf3,libpkgconf3,libs,,,,,,1.8.1-2build1,3,4,0.35,,,unknown,x11,debian,Heuristic scoring based on toolkit + metadata mentions; XLibre treated as X11/Xorg-style compatibility.
libpng-dev,libpng-dev,libdevel,,,,,,1.6.43-5ubuntu0.1,3,4,0.35,,,unknown,x11,debian,Heuristic scoring based on toolkit + metadata mentions; XLibre treated as X11/Xorg-style compatibility.
libpng16-16t64,libpng16-16t64,libs,,,,,,1.6.43-5ubuntu0.1,3,4,0.35,,,unknown,x11,debian,Heuristic scoring based on toolkit + metadata mentions; XLibre treated as X11/Xorg-style compatibility.
libpolkit-agent-1-0,libpolkit-agent-1-0,libs,,,,,,124-2ubuntu1.24.04.2,3,4,0.35,,,unknown,x11,debian,Heuristic scoring based on toolkit + metadata mentions; XLibre treated as X11/Xorg-style compatibility.
libpolkit-gobject-1-0,libpolkit-gobject-1-0,libs,,,,,,124-2ubuntu1.24.04.2,3,4,0.35,,,unknown,x11,debian,Heuristic scoring based on toolkit + metadata mentions; XLibre treated as X11/Xorg-style compatibility.
libpopt0,libpopt0,libs,,,,,,1.19+dfsg-1build1,3,4,0.35,,,unknown,x11,debian,Heuristic scoring based on toolkit + metadata mentions; XLibre treated as X11/Xorg-style compatibility.
libpq-dev,libpq-dev,libdevel,,,,,,16.11-0ubuntu0.24.04.1,3,4,0.35,,,unknown,x11,debian,Heuristic scoring based on toolkit + metadata mentions; XLibre treated as X11/Xorg-style compatibility.
libproc2-0,libproc2-0,libs,,,,,,2:4.0.4-4ubuntu3.2,3,4,0.35,,,unknown,x11,debian,Heuristic scoring based on toolkit + metadata mentions; XLibre treated as X11/Xorg-style compatibility.
libprotobuf32t64,libprotobuf32t64,libs,,,,,,3.21.12-8.2ubuntu0.2,3,4,0.35,,,unknown,x11,debian,Heuristic scoring based on toolkit + metadata mentions; XLibre treated as X11/Xorg-style compatibility.
libprotoc32t64,libprotoc32t64,libs,,,,,,3.21.12-8.2ubuntu0.2,3,4,0.35,,,unknown,x11,debian,Heuristic scoring based on toolkit + metadata mentions; XLibre treated as X11/Xorg-style compatibility.
libpsl-dev,libpsl-dev,libdevel,,,,,,0.21.2-1.1build1,3,4,0.35,,,unknown,x11,debian,Heuristic scoring based on toolkit + metadata mentions; XLibre treated as X11/Xorg-style compatibility.
libpsl5t64,libpsl5t64,libs,,,,,,0.21.2-1.1build1,3,4,0.35,,,unknown,x11,debian,Heuristic scoring based on toolkit + metadata mentions; XLibre treated as X11/Xorg-style compatibility.
libpthread-stubs0-dev,libpthread-stubs0-dev,libdevel,,,,,,0.4-1build3,3,4,0.35,,,unknown,x11,debian,Heuristic scoring based on toolkit + metadata mentions; XLibre treated as X11/Xorg-style compatibility.
libpython3-12-dev,libpython3.12-dev,libdevel,,,,,,3.12.3-1ubuntu0.10,3,4,0.35,,,unknown,x11,debian,Heuristic scoring based on toolkit + metadata mentions; XLibre treated as X11/Xorg-style compatibility.
libpython3-12-stdlib,libpython3.12-stdlib,python,,,,,,3.12.3-1ubuntu0.10,3,4,0.35,,,unknown,x11,debian,Heuristic scoring based on toolkit + metadata mentions; XLibre treated as X11/Xorg-style compatibility.
libpython3-12t64,libpython3.12t64,libs,,,,,,3.12.3-1ubuntu0.10,3,4,0.35,,,unknown,x11,debian,Heuristic scoring based on toolkit + metadata mentions; XLibre treated as X11/Xorg-style compatibility.
libpython3-dev,libpython3-dev,libdevel,,,,,,3.12.3-0ubuntu2.1,3,4,0.35,,,unknown,x11,debian,Heuristic scoring based on toolkit + metadata mentions; XLibre treated as X11/Xorg-style compatibility.
libpython3-stdlib,libpython3-stdlib,python,,,,,,3.12.3-0ubuntu2.1,3,4,0.35,,,unknown,x11,debian,Heuristic scoring based on toolkit + metadata mentions; XLibre treated as X11/Xorg-style compatibility.
libquadmath0,libquadmath0,libs,,,,,,14.2.0-4ubuntu2~24.04,3,4,0.35,,,unknown,x11,debian,Heuristic scoring based on toolkit + metadata mentions; XLibre treated as X11/Xorg-style compatibility.
libre2-10,libre2-10,libs,,,,,,20230301-3build1,3,4,0.35,,,unknown,x11,debian,Heuristic scoring based on toolkit + metadata mentions; XLibre treated as X11/Xorg-style compatibility.
libreadline-dev,libreadline-dev,libdevel,,,,,,8.2-4build1,3,4,0.35,,,unknown,x11,debian,Heuristic scoring based on toolkit + metadata mentions; XLibre treated as X11/Xorg-style compatibility.
libreadline8t64,libreadline8t64,libs,,,,,,8.2-4build1,3,4,0.35,,,unknown,x11,debian,Heuristic scoring based on toolkit + metadata mentions; XLibre treated as X11/Xorg-style compatibility.
librhash0,librhash0,libs,,,,,,1.4.3-3build1,3,4,0.35,,,unknown,x11,debian,Heuristic scoring based on toolkit + metadata mentions; XLibre treated as X11/Xorg-style compatibility.
librtmp1,librtmp1,libs,,,,,,2.4+20151223.gitfa8646d.1-2build7,3,4,0.35,,,unknown,x11,debian,Heuristic scoring based on toolkit + metadata mentions; XLibre treated as X11/Xorg-style compatibility.
libsasl2-2,libsasl2-2,libs,,,,,,2.1.28+dfsg1-5ubuntu3.1,3,4,0.35,,,unknown,x11,debian,Heuristic scoring based on toolkit + metadata mentions; XLibre treated as X11/Xorg-style compatibility.
libsasl2-modules-db,libsasl2-modules-db,libs,,,,,,2.1.28+dfsg1-5ubuntu3.1,3,4,0.35,,,unknown,x11,debian,Heuristic scoring based on toolkit + metadata mentions; XLibre treated as X11/Xorg-style compatibility.
libseccomp2,libseccomp2,libs,,,,,,2.5.5-1ubuntu3.1,3,4,0.35,,,unknown,x11,debian,Heuristic scoring based on toolkit + metadata mentions; XLibre treated as X11/Xorg-style compatibility.
libselinux1,libselinux1,libs,,,,,,3.5-2ubuntu2.1,3,4,0.35,,,unknown,x11,debian,Heuristic scoring based on toolkit + metadata mentions; XLibre treated as X11/Xorg-style compatibility.
libsemanage-common,libsemanage-common,libs,,,,,,3.5-1build5,3,4,0.35,,,unknown,x11,debian,Heuristic scoring based on toolkit + metadata mentions; XLibre treated as X11/Xorg-style compatibility.
libsemanage2,libsemanage2,libs,,,,,,3.5-1build5,3,4,0.35,,,unknown,x11,debian,Heuristic scoring based on toolkit + metadata mentions; XLibre treated as X11/Xorg-style compatibility.
libsepol2,libsepol2,libs,,,,,,3.5-2build1,3,4,0.35,,,unknown,x11,debian,Heuristic scoring based on toolkit + metadata mentions; XLibre treated as X11/Xorg-style compatibility.
libsframe1,libsframe1,devel,,,,,,2.42-4ubuntu2.8,3,4,0.35,,,unknown,x11,debian,Heuristic scoring based on toolkit + metadata mentions; XLibre treated as X11/Xorg-style compatibility.
libsharpyuv-dev,libsharpyuv-dev,libdevel,,,,,,1.3.2-0.4build3,3,4,0.35,,,unknown,x11,debian,Heuristic scoring based on toolkit + metadata mentions; XLibre treated as X11/Xorg-style compatibility.
libsharpyuv0,libsharpyuv0,libs,,,,,,1.3.2-0.4build3,3,4,0.35,,,unknown,x11,debian,Heuristic scoring based on toolkit + metadata mentions; XLibre treated as X11/Xorg-style compatibility.
libsigsegv2,libsigsegv2,libs,,,,,,2.14-1ubuntu2,3,4,0.35,,,unknown,x11,debian,Heuristic scoring based on toolkit + metadata mentions; XLibre treated as X11/Xorg-style compatibility.
libsmartcols1,libsmartcols1,libs,,,,,,2.39.3-9ubuntu6.4,3,4,0.35,,,unknown,x11,debian,Heuristic scoring based on toolkit + metadata mentions; XLibre treated as X11/Xorg-style compatibility.
libsqlite3-0,libsqlite3-0,libs,,,,,,3.45.1-1ubuntu2.5,3,4,0.35,,,unknown,x11,debian,Heuristic scoring based on toolkit + metadata mentions; XLibre treated as X11/Xorg-style compatibility.
libsqlite3-dev,libsqlite3-dev,libdevel,,,,,,3.45.1-1ubuntu2.5,3,4,0.35,,,unknown,x11,debian,Heuristic scoring based on toolkit + metadata mentions; XLibre treated as X11/Xorg-style compatibility.
libss2,libss2,libs,,,,,,1.47.0-2.4~exp1ubuntu4.1,3,4,0.35,,,unknown,x11,debian,Heuristic scoring based on toolkit + metadata mentions; XLibre treated as X11/Xorg-style compatibility.
libssh-4,libssh-4,libs,,,,,,0.10.6-2ubuntu0.2,3,4,0.35,,,unknown,x11,debian,Heuristic scoring based on toolkit + metadata mentions; XLibre treated as X11/Xorg-style compatibility.
libssl-dev,libssl-dev,libdevel,,,,,,3.0.13-0ubuntu3.6,3,4,0.35,,,unknown,x11,debian,Heuristic scoring based on toolkit + metadata mentions; XLibre treated as X11/Xorg-style compatibility.
libssl3t64,libssl3t64,libs,,,,,,3.0.13-0ubuntu3.6,3,4,0.35,,,unknown,x11,debian,Heuristic scoring based on toolkit + metadata mentions; XLibre treated as X11/Xorg-style compatibility.
libstdc-13-dev,libstdc++-13-dev,libdevel,,,,,,13.3.0-6ubuntu2~24.04,3,4,0.35,,,unknown,x11,debian,Heuristic scoring based on toolkit + metadata mentions; XLibre treated as X11/Xorg-style compatibility.
libstdc-6,libstdc++6,libs,,,,,,14.2.0-4ubuntu2~24.04,3,4,0.35,,,unknown,x11,debian,Heuristic scoring based on toolkit + metadata mentions; XLibre treated as X11/Xorg-style compatibility.
libstemmer0d,libstemmer0d,libs,,,,,,2.2.0-4build1,3,4,0.35,,,unknown,x11,debian,Heuristic scoring based on toolkit + metadata mentions; XLibre treated as X11/Xorg-style compatibility.
libsystemd-shared,libsystemd-shared,libs,,,,,,255.4-1ubuntu8.12,3,4,0.35,,,unknown,x11,debian,Heuristic scoring based on toolkit + metadata mentions; XLibre treated as X11/Xorg-style compatibility.
libsystemd0,libsystemd0,libs,,,,,,255.4-1ubuntu8.12,3,4,0.35,,,unknown,x11,debian,Heuristic scoring based on toolkit + metadata mentions; XLibre treated as X11/Xorg-style compatibility.
libtasn1-6,libtasn1-6,libs,,,,,,4.19.0-3ubuntu0.24.04.1,3,4,0.35,,,unknown,x11,debian,Heuristic scoring based on toolkit + metadata mentions; XLibre treated as X11/Xorg-style compatibility.
libthai-data,libthai-data,libs,,,,,,0.1.29-2build1,3,4,0.35,,,unknown,x11,debian,Heuristic scoring based on toolkit + metadata mentions; XLibre treated as X11/Xorg-style compatibility.
libthai0,libthai0,libs,,,,,,0.1.29-2build1,3,4,0.35,,,unknown,x11,debian,Heuristic scoring based on toolkit + metadata mentions; XLibre treated as X11/Xorg-style compatibility.
libtidy-dev,libtidy-dev,libdevel,,,,,,2:5.6.0-11ubuntu2,3,4,0.35,,,unknown,x11,debian,Heuristic scoring based on toolkit + metadata mentions; XLibre treated as X11/Xorg-style compatibility.
libtidy5deb1,libtidy5deb1,libs,,,,,,2:5.6.0-11ubuntu2,3,4,0.35,,,unknown,x11,debian,Heuristic scoring based on toolkit + metadata mentions; XLibre treated as X11/Xorg-style compatibility.
libtiff-dev,libtiff-dev,libdevel,,,,,,4.5.1+git230720-4ubuntu2.4,3,4,0.35,,,unknown,x11,debian,Heuristic scoring based on toolkit + metadata mentions; XLibre treated as X11/Xorg-style compatibility.
libtiff6,libtiff6,libs,,,,,,4.5.1+git230720-4ubuntu2.4,3,4,0.35,,,unknown,x11,debian,Heuristic scoring based on toolkit + metadata mentions; XLibre treated as X11/Xorg-style compatibility.
libtiffxx6,libtiffxx6,libs,,,,,,4.5.1+git230720-4ubuntu2.4,3,4,0.35,,,unknown,x11,debian,Heuristic scoring based on toolkit + metadata mentions; XLibre treated as X11/Xorg-style compatibility.
libtime-duration-perl,libtime-duration-perl,perl,,,,,,1.21-2,3,4,0.35,,,unknown,x11,debian,Heuristic scoring based on toolkit + metadata mentions; XLibre treated as X11/Xorg-style compatibility.
libtimedate-perl,libtimedate-perl,perl,,,,,,2.3300-2,3,4,0.35,,,unknown,x11,debian,Heuristic scoring based on toolkit + metadata mentions; XLibre treated as X11/Xorg-style compatibility.
libtsan2,libtsan2,libs,,,,,,14.2.0-4ubuntu2~24.04,3,4,0.35,,,unknown,x11,debian,Heuristic scoring based on toolkit + metadata mentions; XLibre treated as X11/Xorg-style compatibility.
libubsan1,libubsan1,libs,,,,,,14.2.0-4ubuntu2~24.04,3,4,0.35,,,unknown,x11,debian,Heuristic scoring based on toolkit + metadata mentions; XLibre treated as X11/Xorg-style compatibility.
libudev1,libudev1,libs,,,,,,255.4-1ubuntu8.12,3,4,0.35,,,unknown,x11,debian,Heuristic scoring based on toolkit + metadata mentions; XLibre treated as X11/Xorg-style compatibility.
libunistring5,libunistring5,libs,,,,,,1.1-2build1.1,3,4,0.35,,,unknown,x11,debian,Heuristic scoring based on toolkit + metadata mentions; XLibre treated as X11/Xorg-style compatibility.
libunwind8,libunwind8,libs,,,,,,1.6.2-3build1.1,3,4,0.35,,,unknown,x11,debian,Heuristic scoring based on toolkit + metadata mentions; XLibre treated as X11/Xorg-style compatibility.
libuuid1,libuuid1,libs,,,,,,2.39.3-9ubuntu6.4,3,4,0.35,,,unknown,x11,debian,Heuristic scoring based on toolkit + metadata mentions; XLibre treated as X11/Xorg-style compatibility.
libuv1t64,libuv1t64,libs,,,,,,1.48.0-1.1build1,3,4,0.35,,,unknown,x11,debian,Heuristic scoring based on toolkit + metadata mentions; XLibre treated as X11/Xorg-style compatibility.
libvpx-dev,libvpx-dev,libdevel,,,,,,1.14.0-1ubuntu2.2,3,4,0.35,,,unknown,x11,debian,Heuristic scoring based on toolkit + metadata mentions; XLibre treated as X11/Xorg-style compatibility.
libvpx9,libvpx9,libs,,,,,,1.14.0-1ubuntu2.2,3,4,0.35,,,unknown,x11,debian,Heuristic scoring based on toolkit + metadata mentions; XLibre treated as X11/Xorg-style compatibility.
libwebp-dev,libwebp-dev,libdevel,,,,,,1.3.2-0.4build3,3,4,0.35,,,unknown,x11,debian,Heuristic scoring based on toolkit + metadata mentions; XLibre treated as X11/Xorg-style compatibility.
libwebp7,libwebp7,libs,,,,,,1.3.2-0.4build3,3,4,0.35,,,unknown,x11,debian,Heuristic scoring based on toolkit + metadata mentions; XLibre treated as X11/Xorg-style compatibility.
libwebpdecoder3,libwebpdecoder3,libs,,,,,,1.3.2-0.4build3,3,4,0.35,,,unknown,x11,debian,Heuristic scoring based on toolkit + metadata mentions; XLibre treated as X11/Xorg-style compatibility.
libwebpdemux2,libwebpdemux2,libs,,,,,,1.3.2-0.4build3,3,4,0.35,,,unknown,x11,debian,Heuristic scoring based on toolkit + metadata mentions; XLibre treated as X11/Xorg-style compatibility.
libwebpmux3,libwebpmux3,libs,,,,,,1.3.2-0.4build3,3,4,0.35,,,unknown,x11,debian,Heuristic scoring based on toolkit + metadata mentions; XLibre treated as X11/Xorg-style compatibility.
libx265-199,libx265-199,libs,,,,,,3.5-2build1,3,4,0.35,,,unknown,x11,debian,Heuristic scoring based on toolkit + metadata mentions; XLibre treated as X11/Xorg-style compatibility.
libx265-dev,libx265-dev,libdevel,,,,,,3.5-2build1,3,4,0.35,,,unknown,x11,debian,Heuristic scoring based on toolkit + metadata mentions; XLibre treated as X11/Xorg-style compatibility.
libxcb-render0,libxcb-render0,libs,,,,,,1.15-1ubuntu2,3,4,0.35,,,unknown,x11,debian,Heuristic scoring based on toolkit + metadata mentions; XLibre treated as X11/Xorg-style compatibility.
libxcb-shm0,libxcb-shm0,libs,,,,,,1.15-1ubuntu2,3,4,0.35,,,unknown,x11,debian,Heuristic scoring based on toolkit + metadata mentions; XLibre treated as X11/Xorg-style compatibility.
libxcb1,libxcb1,libs,,,,,,1.15-1ubuntu2,3,4,0.35,,,unknown,x11,debian,Heuristic scoring based on toolkit + metadata mentions; XLibre treated as X11/Xorg-style compatibility.
libxcb1-dev,libxcb1-dev,libdevel,,,,,,1.15-1ubuntu2,3,4,0.35,,,unknown,x11,debian,Heuristic scoring based on toolkit + metadata mentions; XLibre treated as X11/Xorg-style compatibility.
libxft-dev,libxft-dev,libdevel,,,,,,2.3.6-1build1,3,4,0.35,,,unknown,x11,debian,Heuristic scoring based on toolkit + metadata mentions; XLibre treated as X11/Xorg-style compatibility.
libxft2,libxft2,libs,,,,,,2.3.6-1build1,3,4,0.35,,,unknown,x11,debian,Heuristic scoring based on toolkit + metadata mentions; XLibre treated as X11/Xorg-style compatibility.
libxml2,libxml2,libs,,,,,,2.9.14+dfsg-1.3ubuntu3.6,3,4,0.35,,,unknown,x11,debian,Heuristic scoring based on toolkit + metadata mentions; XLibre treated as X11/Xorg-style compatibility.
libxml2-dev,libxml2-dev,libdevel,,,,,,2.9.14+dfsg-1.3ubuntu3.6,3,4,0.35,,,unknown,x11,debian,Heuristic scoring based on toolkit + metadata mentions; XLibre treated as X11/Xorg-style compatibility.
libxmlb2,libxmlb2,libs,,,,,,0.3.18-1,3,4,0.35,,,unknown,x11,debian,Heuristic scoring based on toolkit + metadata mentions; XLibre treated as X11/Xorg-style compatibility.
libxslt1-dev,libxslt1-dev,libdevel,,,,,,1.1.39-0exp1ubuntu0.24.04.3,3,4,0.35,,,unknown,x11,debian,Heuristic scoring based on toolkit + metadata mentions; XLibre treated as X11/Xorg-style compatibility.
libxxhash0,libxxhash0,libs,,,,,,0.8.2-2build1,3,4,0.35,,,unknown,x11,debian,Heuristic scoring based on toolkit + metadata mentions; XLibre treated as X11/Xorg-style compatibility.
libyaml-0-2,libyaml-0-2,libs,,,,,,0.2.5-1build1,3,4,0.35,,,unknown,x11,debian,Heuristic scoring based on toolkit + metadata mentions; XLibre treated as X11/Xorg-style compatibility.
libyaml-dev,libyaml-dev,libdevel,,,,,,0.2.5-1build1,3,4,0.35,,,unknown,x11,debian,Heuristic scoring based on toolkit + metadata mentions; XLibre treated as X11/Xorg-style compatibility.
libz3-4,libz3-4,libs,,,,,,4.8.12-3.1build1,3,4,0.35,,,unknown,x11,debian,Heuristic scoring based on toolkit + metadata mentions; XLibre treated as X11/Xorg-style compatibility.
libz3-dev,libz3-dev,libdevel,,,,,,4.8.12-3.1build1,3,4,0.35,,,unknown,x11,debian,Heuristic scoring based on toolkit + metadata mentions; XLibre treated as X11/Xorg-style compatibility.
libzip-dev,libzip-dev,libdevel,,,,,,1.7.3-1.1ubuntu2,3,4,0.35,,,unknown,x11,debian,Heuristic scoring based on toolkit + metadata mentions; XLibre treated as X11/Xorg-style compatibility.
libzip4t64,libzip4t64,libs,,,,,,1.7.3-1.1ubuntu2,3,4,0.35,,,unknown,x11,debian,Heuristic scoring based on toolkit + metadata mentions; XLibre treated as X11/Xorg-style compatibility.
libzstd-dev,libzstd-dev,libdevel,,,,,,1.5.5+dfsg2-2build1.1,3,4,0.35,,,unknown,x11,debian,Heuristic scoring based on toolkit + metadata mentions; XLibre treated as X11/Xorg-style compatibility.
libzstd1,libzstd1,libs,,,,,,1.5.5+dfsg2-2build1.1,3,4,0.35,,,unknown,x11,debian,Heuristic scoring based on toolkit + metadata mentions; XLibre treated as X11/Xorg-style compatibility.
linux-libc-dev,linux-libc-dev,devel,,,,,,6.8.0-90.91,3,4,0.35,,,unknown,x11,debian,Heuristic scoring based on toolkit + metadata mentions; XLibre treated as X11/Xorg-style compatibility.
lld-20,lld-20,devel,,,,,,1:20.1.8~++20250804090239+87f0227cb601-1~exp1~20250804210352.139,3,4,0.35,,,unknown,x11,debian,Heuristic scoring based on toolkit + metadata mentions; XLibre treated as X11/Xorg-style compatibility.
lldb-20,lldb-20,devel,,,,,,1:20.1.8~++20250804090239+87f0227cb601-1~exp1~20250804210352.139,3,4,0.35,,,unknown,x11,debian,Heuristic scoring based on toolkit + metadata mentions; XLibre treated as X11/Xorg-style compatibility.
llvm-20,llvm-20,devel,,,,,,1:20.1.8~++20250804090239+87f0227cb601-1~exp1~20250804210352.139,3,4,0.35,,,unknown,x11,debian,Heuristic scoring based on toolkit + metadata mentions; XLibre treated as X11/Xorg-style compatibility.
llvm-20-dev,llvm-20-dev,devel,,,,,,1:20.1.8~++20250804090239+87f0227cb601-1~exp1~20250804210352.139,3,4,0.35,,,unknown,x11,debian,Heuristic scoring based on toolkit + metadata mentions; XLibre treated as X11/Xorg-style compatibility.
llvm-20-linker-tools,llvm-20-linker-tools,devel,,,,,,1:20.1.8~++20250804090239+87f0227cb601-1~exp1~20250804210352.139,3,4,0.35,,,unknown,x11,debian,Heuristic scoring based on toolkit + metadata mentions; XLibre treated as X11/Xorg-style compatibility.
llvm-20-runtime,llvm-20-runtime,devel,,,,,,1:20.1.8~++20250804090239+87f0227cb601-1~exp1~20250804210352.139,3,4,0.35,,,unknown,x11,debian,Heuristic scoring based on toolkit + metadata mentions; XLibre treated as X11/Xorg-style compatibility.
llvm-20-tools,llvm-20-tools,devel,,,,,,1:20.1.8~++20250804090239+87f0227cb601-1~exp1~20250804210352.139,3,4,0.35,,,unknown,x11,debian,Heuristic scoring based on toolkit + metadata mentions; XLibre treated as X11/Xorg-style compatibility.
login,login,admin,,,,,,1:4.13+dfsg1-4ubuntu3.2,3,4,0.35,,,unknown,x11,debian,Heuristic scoring based on toolkit + metadata mentions; XLibre treated as X11/Xorg-style compatibility.
logsave,logsave,admin,,,,,,1.47.0-2.4~exp1ubuntu4.1,3,4,0.35,,,unknown,x11,debian,Heuristic scoring based on toolkit + metadata mentions; XLibre treated as X11/Xorg-style compatibility.
lsb-release,lsb-release,misc,,,,,,12.0-2,3,4,0.35,,,unknown,x11,debian,Heuristic scoring based on toolkit + metadata mentions; XLibre treated as X11/Xorg-style compatibility.
lto-disabled-list,lto-disabled-list,devel,,,,,,47,3,4,0.35,,,unknown,x11,debian,Heuristic scoring based on toolkit + metadata mentions; XLibre treated as X11/Xorg-style compatibility.
m4,m4,interpreters,,,,,,1.4.19-4build1,3,4,0.35,,,unknown,x11,debian,Heuristic scoring based on toolkit + metadata mentions; XLibre treated as X11/Xorg-style compatibility.
make,make,devel,,,,,,4.3-4.1build2,3,4,0.35,,,unknown,x11,debian,Heuristic scoring based on toolkit + metadata mentions; XLibre treated as X11/Xorg-style compatibility.
mawk,mawk,interpreters,,,,,,1.3.4.20240123-1build1,3,4,0.35,,,unknown,x11,debian,Heuristic scoring based on toolkit + metadata mentions; XLibre treated as X11/Xorg-style compatibility.
media-types,media-types,net,,,,,,10.1.0,3,4,0.35,,,unknown,x11,debian,Heuristic scoring based on toolkit + metadata mentions; XLibre treated as X11/Xorg-style compatibility.
mise,mise,default,,,,,,2026.1.1,3,4,0.35,,,unknown,x11,debian,Heuristic scoring based on toolkit + metadata mentions; XLibre treated as X11/Xorg-style compatibility.
moreutils,moreutils,utils,,,,,,0.69-1,3,4,0.35,,,unknown,x11,debian,Heuristic scoring based on toolkit + metadata mentions; XLibre treated as X11/Xorg-style compatibility.
mount,mount,admin,,,,,,2.39.3-9ubuntu6.4,3,4,0.35,,,unknown,x11,debian,Heuristic scoring based on toolkit + metadata mentions; XLibre treated as X11/Xorg-style compatibility.
mysql-common,mysql-common,database,,,,,,5.8+1.1.0build1,3,4,0.35,,,unknown,x11,debian,Heuristic scoring based on toolkit + metadata mentions; XLibre treated as X11/Xorg-style compatibility.
nasm,nasm,devel,,,,,,2.16.01-1build1,3,4,0.35,,,unknown,x11,debian,Heuristic scoring based on toolkit + metadata mentions; XLibre treated as X11/Xorg-style compatibility.
netbase,netbase,admin,,,,,,6.4,3,4,0.35,,,unknown,x11,debian,Heuristic scoring based on toolkit + metadata mentions; XLibre treated as X11/Xorg-style compatibility.
netcat-openbsd,netcat-openbsd,net,,,,,,1.226-1ubuntu2,3,4,0.35,,,unknown,x11,debian,Heuristic scoring based on toolkit + metadata mentions; XLibre treated as X11/Xorg-style compatibility.
ninja-build,ninja-build,devel,,,,,,1.11.1-2,3,4,0.35,,,unknown,x11,debian,Heuristic scoring based on toolkit + metadata mentions; XLibre treated as X11/Xorg-style compatibility.
openssl,openssl,utils,,,,,,3.0.13-0ubuntu3.6,3,4,0.35,,,unknown,x11,debian,Heuristic scoring based on toolkit + metadata mentions; XLibre treated as X11/Xorg-style compatibility.
packagekit,packagekit,admin,,,,,,1.2.8-2ubuntu1.4,3,4,0.35,,,unknown,x11,debian,Heuristic scoring based on toolkit + metadata mentions; XLibre treated as X11/Xorg-style compatibility.
passwd,passwd,admin,,,,,,1:4.13+dfsg1-4ubuntu3.2,3,4,0.35,,,unknown,x11,debian,Heuristic scoring based on toolkit + metadata mentions; XLibre treated as X11/Xorg-style compatibility.
patch,patch,vcs,,,,,,2.7.6-7build3,3,4,0.35,,,unknown,x11,debian,Heuristic scoring based on toolkit + metadata mentions; XLibre treated as X11/Xorg-style compatibility.
perl,perl,perl,,,,,,5.38.2-3.2ubuntu0.2,3,4,0.35,,,unknown,x11,debian,Heuristic scoring based on toolkit + metadata mentions; XLibre treated as X11/Xorg-style compatibility.
perl-base,perl-base,perl,,,,,,5.38.2-3.2ubuntu0.2,3,4,0.35,,,unknown,x11,debian,Heuristic scoring based on toolkit + metadata mentions; XLibre treated as X11/Xorg-style compatibility.
perl-modules-5-38,perl-modules-5.38,libs,,,,,,5.38.2-3.2ubuntu0.2,3,4,0.35,,,unknown,x11,debian,Heuristic scoring based on toolkit + metadata mentions; XLibre treated as X11/Xorg-style compatibility.
pinentry-curses,pinentry-curses,utils,,,,,,1.2.1-3ubuntu5,3,4,0.35,,,unknown,x11,debian,Heuristic scoring based on toolkit + metadata mentions; XLibre treated as X11/Xorg-style compatibility.
pipx,pipx,python,,,,,,1.4.3-1,3,4,0.35,,,unknown,x11,debian,Heuristic scoring based on toolkit + metadata mentions; XLibre treated as X11/Xorg-style compatibility.
pkg-config,pkg-config,oldlibs,,,,,,1.8.1-2build1,3,4,0.35,,,unknown,x11,debian,Heuristic scoring based on toolkit + metadata mentions; XLibre treated as X11/Xorg-style compatibility.
pkgconf,pkgconf,devel,,,,,,1.8.1-2build1,3,4,0.35,,,unknown,x11,debian,Heuristic scoring based on toolkit + metadata mentions; XLibre treated as X11/Xorg-style compatibility.
pkgconf-bin,pkgconf-bin,devel,,,,,,1.8.1-2build1,3,4,0.35,,,unknown,x11,debian,Heuristic scoring based on toolkit + metadata mentions; XLibre treated as X11/Xorg-style compatibility.
polkitd,polkitd,admin,,,,,,124-2ubuntu1.24.04.2,3,4,0.35,,,unknown,x11,debian,Heuristic scoring based on toolkit + metadata mentions; XLibre treated as X11/Xorg-style compatibility.
procps,procps,admin,,,,,,2:4.0.4-4ubuntu3.2,3,4,0.35,,,unknown,x11,debian,Heuristic scoring based on toolkit + metadata mentions; XLibre treated as X11/Xorg-style compatibility.
protobuf-compiler,protobuf-compiler,devel,,,,,,3.21.12-8.2ubuntu0.2,3,4,0.35,,,unknown,x11,debian,Heuristic scoring based on toolkit + metadata mentions; XLibre treated as X11/Xorg-style compatibility.
python-apt-common,python-apt-common,python,,,,,,2.7.7ubuntu5.1,3,4,0.35,,,unknown,x11,debian,Heuristic scoring based on toolkit + metadata mentions; XLibre treated as X11/Xorg-style compatibility.
python3,python3,python,,,,,,3.12.3-0ubuntu2.1,3,4,0.35,,,unknown,x11,debian,Heuristic scoring based on toolkit + metadata mentions; XLibre treated as X11/Xorg-style compatibility.
python3-12,python3.12,python,,,,,,3.12.3-1ubuntu0.10,3,4,0.35,,,unknown,x11,debian,Heuristic scoring based on toolkit + metadata mentions; XLibre treated as X11/Xorg-style compatibility.
python3-12-venv,python3.12-venv,python,,,,,,3.12.3-1ubuntu0.10,3,4,0.35,,,unknown,x11,debian,Heuristic scoring based on toolkit + metadata mentions; XLibre treated as X11/Xorg-style compatibility.
python3-apt,python3-apt,python,,,,,,2.7.7ubuntu5.1,3,4,0.35,,,unknown,x11,debian,Heuristic scoring based on toolkit + metadata mentions; XLibre treated as X11/Xorg-style compatibility.
python3-argcomplete,python3-argcomplete,python,,,,,,3.1.4-1ubuntu0.1,3,4,0.35,,,unknown,x11,debian,Heuristic scoring based on toolkit + metadata mentions; XLibre treated as X11/Xorg-style compatibility.
python3-blinker,python3-blinker,python,,,,,,1.7.0-1,3,4,0.35,,,unknown,x11,debian,Heuristic scoring based on toolkit + metadata mentions; XLibre treated as X11/Xorg-style compatibility.
python3-breezy,python3-breezy,python,,,,,,3.3.5-6build2,3,4,0.35,,,unknown,x11,debian,Heuristic scoring based on toolkit + metadata mentions; XLibre treated as X11/Xorg-style compatibility.
python3-cffi-backend,python3-cffi-backend,python,,,,,,1.16.0-2build1,3,4,0.35,,,unknown,x11,debian,Heuristic scoring based on toolkit + metadata mentions; XLibre treated as X11/Xorg-style compatibility.
python3-configobj,python3-configobj,python,,,,,,5.0.8-3,3,4,0.35,,,unknown,x11,debian,Heuristic scoring based on toolkit + metadata mentions; XLibre treated as X11/Xorg-style compatibility.
python3-cryptography,python3-cryptography,python,,,,,,41.0.7-4ubuntu0.1,3,4,0.35,,,unknown,x11,debian,Heuristic scoring based on toolkit + metadata mentions; XLibre treated as X11/Xorg-style compatibility.
python3-dbus,python3-dbus,python,,,,,,1.3.2-5build3,3,4,0.35,,,unknown,x11,debian,Heuristic scoring based on toolkit + metadata mentions; XLibre treated as X11/Xorg-style compatibility.
python3-distro,python3-distro,python,,,,,,1.9.0-1,3,4,0.35,,,unknown,x11,debian,Heuristic scoring based on toolkit + metadata mentions; XLibre treated as X11/Xorg-style compatibility.
python3-dulwich,python3-dulwich,python,,,,,,0.21.6-1build2,3,4,0.35,,,unknown,x11,debian,Heuristic scoring based on toolkit + metadata mentions; XLibre treated as X11/Xorg-style compatibility.
python3-fastbencode,python3-fastbencode,python,,,,,,0.2-1build2,3,4,0.35,,,unknown,x11,debian,Heuristic scoring based on toolkit + metadata mentions; XLibre treated as X11/Xorg-style compatibility.
python3-gi,python3-gi,python,,,,,,3.48.2-1,3,4,0.35,,,unknown,x11,debian,Heuristic scoring based on toolkit + metadata mentions; XLibre treated as X11/Xorg-style compatibility.
python3-jwt,python3-jwt,python,,,,,,2.7.0-1,3,4,0.35,,,unknown,x11,debian,Heuristic scoring based on toolkit + metadata mentions; XLibre treated as X11/Xorg-style compatibility.
python3-lazr-uri,python3-lazr.uri,python,,,,,,1.0.6-3,3,4,0.35,,,unknown,x11,debian,Heuristic scoring based on toolkit + metadata mentions; XLibre treated as X11/Xorg-style compatibility.
python3-lldb-20,python3-lldb-20,python,,,,,,1:20.1.8~++20250804090239+87f0227cb601-1~exp1~20250804210352.139,3,4,0.35,,,unknown,x11,debian,Heuristic scoring based on toolkit + metadata mentions; XLibre treated as X11/Xorg-style compatibility.
python3-merge3,python3-merge3,python,,,,,,0.0.8-1,3,4,0.35,,,unknown,x11,debian,Heuristic scoring based on toolkit + metadata mentions; XLibre treated as X11/Xorg-style compatibility.
python3-minimal,python3-minimal,python,,,,,,3.12.3-0ubuntu2.1,3,4,0.35,,,unknown,x11,debian,Heuristic scoring based on toolkit + metadata mentions; XLibre treated as X11/Xorg-style compatibility.
python3-oauthlib,python3-oauthlib,python,,,,,,3.2.2-1,3,4,0.35,,,unknown,x11,debian,Heuristic scoring based on toolkit + metadata mentions; XLibre treated as X11/Xorg-style compatibility.
python3-packaging,python3-packaging,python,,,,,,24.0-1,3,4,0.35,,,unknown,x11,debian,Heuristic scoring based on toolkit + metadata mentions; XLibre treated as X11/Xorg-style compatibility.
python3-patiencediff,python3-patiencediff,python,,,,,,0.2.13-1build2,3,4,0.35,,,unknown,x11,debian,Heuristic scoring based on toolkit + metadata mentions; XLibre treated as X11/Xorg-style compatibility.
python3-pip-whl,python3-pip-whl,python,,,,,,24.0+dfsg-1ubuntu1.3,3,4,0.35,,,unknown,x11,debian,Heuristic scoring based on toolkit + metadata mentions; XLibre treated as X11/Xorg-style compatibility.
python3-pkg-resources,python3-pkg-resources,python,,,,,,68.1.2-2ubuntu1.2,3,4,0.35,,,unknown,x11,debian,Heuristic scoring based on toolkit + metadata mentions; XLibre treated as X11/Xorg-style compatibility.
python3-platformdirs,python3-platformdirs,python,,,,,,4.2.0-1,3,4,0.35,,,unknown,x11,debian,Heuristic scoring based on toolkit + metadata mentions; XLibre treated as X11/Xorg-style compatibility.
python3-pygments,python3-pygments,python,,,,,,2.17.2+dfsg-1,3,4,0.35,,,unknown,x11,debian,Heuristic scoring based on toolkit + metadata mentions; XLibre treated as X11/Xorg-style compatibility.
python3-pyparsing,python3-pyparsing,python,,,,,,3.1.1-1,3,4,0.35,,,unknown,x11,debian,Heuristic scoring based on toolkit + metadata mentions; XLibre treated as X11/Xorg-style compatibility.
python3-setuptools-whl,python3-setuptools-whl,python,,,,,,68.1.2-2ubuntu1.2,3,4,0.35,,,unknown,x11,debian,Heuristic scoring based on toolkit + metadata mentions; XLibre treated as X11/Xorg-style compatibility.
python3-six,python3-six,python,,,,,,1.16.0-4,3,4,0.35,,,unknown,x11,debian,Heuristic scoring based on toolkit + metadata mentions; XLibre treated as X11/Xorg-style compatibility.
python3-software-properties,python3-software-properties,python,,,,,,0.99.49.3,3,4,0.35,,,unknown,x11,debian,Heuristic scoring based on toolkit + metadata mentions; XLibre treated as X11/Xorg-style compatibility.
python3-tzlocal,python3-tzlocal,python,,,,,,5.2-1.1,3,4,0.35,,,unknown,x11,debian,Heuristic scoring based on toolkit + metadata mentions; XLibre treated as X11/Xorg-style compatibility.
python3-urllib3,python3-urllib3,python,,,,,,2.0.7-1ubuntu0.4,3,4,0.35,,,unknown,x11,debian,Heuristic scoring based on toolkit + metadata mentions; XLibre treated as X11/Xorg-style compatibility.
python3-userpath,python3-userpath,python,,,,,,1.9.1-1,3,4,0.35,,,unknown,x11,debian,Heuristic scoring based on toolkit + metadata mentions; XLibre treated as X11/Xorg-style compatibility.
python3-venv,python3-venv,python,,,,,,3.12.3-0ubuntu2.1,3,4,0.35,,,unknown,x11,debian,Heuristic scoring based on toolkit + metadata mentions; XLibre treated as X11/Xorg-style compatibility.
python3-wadllib,python3-wadllib,python,,,,,,1.3.6-5,3,4,0.35,,,unknown,x11,debian,Heuristic scoring based on toolkit + metadata mentions; XLibre treated as X11/Xorg-style compatibility.
python3-yaml,python3-yaml,python,,,,,,6.0.1-2build2,3,4,0.35,,,unknown,x11,debian,Heuristic scoring based on toolkit + metadata mentions; XLibre treated as X11/Xorg-style compatibility.
re2c,re2c,devel,,,,,,3.1-1build1,3,4,0.35,,,unknown,x11,debian,Heuristic scoring based on toolkit + metadata mentions; XLibre treated as X11/Xorg-style compatibility.
readline-common,readline-common,utils,,,,,,8.2-4build1,3,4,0.35,,,unknown,x11,debian,Heuristic scoring based on toolkit + metadata mentions; XLibre treated as X11/Xorg-style compatibility.
ripgrep,ripgrep,utils,,,,,,14.1.0-1,3,4,0.35,,,unknown,x11,debian,Heuristic scoring based on toolkit + metadata mentions; XLibre treated as X11/Xorg-style compatibility.
rpcsvc-proto,rpcsvc-proto,libs,,,,,,1.4.2-0ubuntu7,3,4,0.35,,,unknown,x11,debian,Heuristic scoring based on toolkit + metadata mentions; XLibre treated as X11/Xorg-style compatibility.
rsync,rsync,net,,,,,,3.2.7-1ubuntu1.2,3,4,0.35,,,unknown,x11,debian,Heuristic scoring based on toolkit + metadata mentions; XLibre treated as X11/Xorg-style compatibility.
sed,sed,utils,,,,,,4.9-2build1,3,4,0.35,,,unknown,x11,debian,Heuristic scoring based on toolkit + metadata mentions; XLibre treated as X11/Xorg-style compatibility.
sensible-utils,sensible-utils,utils,,,,,,0.0.22,3,4,0.35,,,unknown,x11,debian,Heuristic scoring based on toolkit + metadata mentions; XLibre treated as X11/Xorg-style compatibility.
sgml-base,sgml-base,text,,,,,,1.31,3,4,0.35,,,unknown,x11,debian,Heuristic scoring based on toolkit + metadata mentions; XLibre treated as X11/Xorg-style compatibility.
software-properties-common,software-properties-common,admin,,,,,,0.99.49.3,3,4,0.35,,,unknown,x11,debian,Heuristic scoring based on toolkit + metadata mentions; XLibre treated as X11/Xorg-style compatibility.
sqlite3,sqlite3,database,,,,,,3.45.1-1ubuntu2.5,3,4,0.35,,,unknown,x11,debian,Heuristic scoring based on toolkit + metadata mentions; XLibre treated as X11/Xorg-style compatibility.
sudo,sudo,admin,,,,,,1.9.15p5-3ubuntu5.24.04.1,3,4,0.35,,,unknown,x11,debian,Heuristic scoring based on toolkit + metadata mentions; XLibre treated as X11/Xorg-style compatibility.
systemd,systemd,admin,,,,,,255.4-1ubuntu8.12,3,4,0.35,,,unknown,x11,debian,Heuristic scoring based on toolkit + metadata mentions; XLibre treated as X11/Xorg-style compatibility.
systemd-dev,systemd-dev,devel,,,,,,255.4-1ubuntu8.12,3,4,0.35,,,unknown,x11,debian,Heuristic scoring based on toolkit + metadata mentions; XLibre treated as X11/Xorg-style compatibility.
systemd-sysv,systemd-sysv,admin,,,,,,255.4-1ubuntu8.12,3,4,0.35,,,unknown,x11,debian,Heuristic scoring based on toolkit + metadata mentions; XLibre treated as X11/Xorg-style compatibility.
sysvinit-utils,sysvinit-utils,admin,,,,,,3.08-6ubuntu3,3,4,0.35,,,unknown,x11,debian,Heuristic scoring based on toolkit + metadata mentions; XLibre treated as X11/Xorg-style compatibility.
tar,tar,utils,,,,,,1.35+dfsg-3build1,3,4,0.35,,,unknown,x11,debian,Heuristic scoring based on toolkit + metadata mentions; XLibre treated as X11/Xorg-style compatibility.
